Workbook
Name Saldo_Ago24: #REF!
Name Saldo_Jul24: #REF!
Name Saldo_Jun24: #REF!
Name Saldo_nov24: #REF!
Name SAldo_out24: #REF!
Name Saldo_Set24: #REF!

Sheet Jan.25
A1: 1 | B1: 1 | C1: 1 | D1: 1 | E1: 1 | F1: 1 | G1: 1 | H1: 1 | I1: 1 | J1: 1 | K1: 1 | L1: 1 | M1: 1 | N1: 1 | O1: 1 | P1: 1
C3: Bluzz Saúde Ltda.
A4: 1 | C4: CNPJ | D4: 54.557.861/0001-02 | P4: 1
A5: 1 | C5: Colaborador | P5: 1
A6: 1 | C6: Mês Competência | D6: 45658 | P6: 1
A7: 1 | P7: 1
A8: 1 | C8: Saldo final em 31/12/2025 | E8: em horas | P8: 1
A9: 1 | P9: 1
A10: 1 | C10: CONTROLE DE PONTO | P10: 1
A11: 1 | C11: Data | D11: Dia da semana | E11: Entrada | F11: Saída Almoço | G11: Retorno Almoço | H11: Saída | I11: Horas Trabalhadas | J11: Horas Normais | K11: Horas Extras | L11: Banco de Horas | P11: 1
A12: 1 | C12: 45658 | D12: =CHOOSE(WEEKDAY(C12,2),'Não Apagar'!$C$3,'Não Apagar'!$C$4,'Não Apagar'!$C$5,'Não Apagar'!$C$6,'Não Apagar'!$C$7,'Não Apagar'!$C$8,'Não Apagar'!$C$9) -> Quarta-feira | H12: Feriado | P12: 1
A13: 1 | C13: =C12+1 -> 45659 | D13: =CHOOSE(WEEKDAY(C13,2),'Não Apagar'!$C$3,'Não Apagar'!$C$4,'Não Apagar'!$C$5,'Não Apagar'!$C$6,'Não Apagar'!$C$7,'Não Apagar'!$C$8,'Não Apagar'!$C$9) -> Segunda-feira | I13: =((H13-E13)-(G13-F13))*24 -> 0 | J13: =MAX(0,MIN(I13,'Não Apagar'!$J$3)) -> 0 | K13: =MAX(0,I13-'Não Apagar'!$J$3) -> 0 | L13: =L12+K13+D8 -> 0 | P13: 1
A14: 1 | C14: =C13+1 -> 45660 | D14: =CHOOSE(WEEKDAY(C14,2),'Não Apagar'!$C$3,'Não Apagar'!$C$4,'Não Apagar'!$C$5,'Não Apagar'!$C$6,'Não Apagar'!$C$7,'Não Apagar'!$C$8,'Não Apagar'!$C$9) -> Sexta-feira | I14: =((H14-E14)-(G14-F14))*24 -> 0 | J14: =MAX(0,MIN(I14,'Não Apagar'!$J$3)) -> 0 | K14: =MAX(0,I14-'Não Apagar'!$J$3) -> 0 | L14: =L13+K14 -> 0 | P14: 1
A15: 1 | C15: =C14+1 -> 45661 | D15: =CHOOSE(WEEKDAY(C15,2),'Não Apagar'!$C$3,'Não Apagar'!$C$4,'Não Apagar'!$C$5,'Não Apagar'!$C$6,'Não Apagar'!$C$7,'Não Apagar'!$C$8,'Não Apagar'!$C$9) -> Sábado | P15: 1
A16: 1 | C16: =C15+1 -> 45662 | D16: =CHOOSE(WEEKDAY(C16,2),'Não Apagar'!$C$3,'Não Apagar'!$C$4,'Não Apagar'!$C$5,'Não Apagar'!$C$6,'Não Apagar'!$C$7,'Não Apagar'!$C$8,'Não Apagar'!$C$9) -> Domingo | P16: 1
A17: 1 | C17: =C16+1 -> 45663 | D17: =CHOOSE(WEEKDAY(C17,2),'Não Apagar'!$C$3,'Não Apagar'!$C$4,'Não Apagar'!$C$5,'Não Apagar'!$C$6,'Não Apagar'!$C$7,'Não Apagar'!$C$8,'Não Apagar'!$C$9) -> Segunda-feira | I17: =((H17-E17)-(G17-F17))*24 -> 0 | J17: =MAX(0,MIN(I17,'Não Apagar'!$J$3)) -> 0 | K17: =MAX(0,I17-'Não Apagar'!$J$3) -> 0 | L17: =L14+K17 -> 0 | P17: 1
A18: 1 | C18: =C17+1 -> 45664 | D18: =CHOOSE(WEEKDAY(C18,2),'Não Apagar'!$C$3,'Não Apagar'!$C$4,'Não Apagar'!$C$5,'Não Apagar'!$C$6,'Não Apagar'!$C$7,'Não Apagar'!$C$8,'Não Apagar'!$C$9) -> Terça-feira | I18: =((H18-E18)-(G18-F18))*24 -> 0 | J18: =MAX(0,MIN(I18,'Não Apagar'!$J$3)) -> 0 | K18: =MAX(0,I18-'Não Apagar'!$J$3) -> 0 | L18: =L17+K18 -> 0 | P18: 1
A19: 1 | C19: =C18+1 -> 45665 | D19: =CHOOSE(WEEKDAY(C19,2),'Não Apagar'!$C$3,'Não Apagar'!$C$4,'Não Apagar'!$C$5,'Não Apagar'!$C$6,'Não Apagar'!$C$7,'Não Apagar'!$C$8,'Não Apagar'!$C$9) -> Quarta-feira | I19: =((H19-E19)-(G19-F19))*24 -> 0 | J19: =MAX(0,MIN(I19,'Não Apagar'!$J$3)) -> 0 | K19: =MAX(0,I19-'Não Apagar'!$J$3) -> 0 | L19: =L18+K19 -> 0 | P19: 1
A20: 1 | C20: =C19+1 -> 45666 | D20: =CHOOSE(WEEKDAY(C20,2),'Não Apagar'!$C$3,'Não Apagar'!$C$4,'Não Apagar'!$C$5,'Não Apagar'!$C$6,'Não Apagar'!$C$7,'Não Apagar'!$C$8,'Não Apagar'!$C$9) -> Segunda-feira | I20: =((H20-E20)-(G20-F20))*24 -> 0 | J20: =MAX(0,MIN(I20,'Não Apagar'!$J$3)) -> 0 | K20: =MAX(0,I20-'Não Apagar'!$J$3) -> 0 | L20: =L19+K20 -> 0 | P20: 1
A21: 1 | C21: =C20+1 -> 45667 | D21: =CHOOSE(WEEKDAY(C21,2),'Não Apagar'!$C$3,'Não Apagar'!$C$4,'Não Apagar'!$C$5,'Não Apagar'!$C$6,'Não Apagar'!$C$7,'Não Apagar'!$C$8,'Não Apagar'!$C$9) -> Sexta-feira | I21: =((H21-E21)-(G21-F21))*24 -> 0 | J21: =MAX(0,MIN(I21,'Não Apagar'!$J$3)) -> 0 | K21: =MAX(0,I21-'Não Apagar'!$J$3) -> 0 | L21: =L20+K21 -> 0 | P21: 1
A22: 1 | C22: =C21+1 -> 45668 | D22: =CHOOSE(WEEKDAY(C22,2),'Não Apagar'!$C$3,'Não Apagar'!$C$4,'Não Apagar'!$C$5,'Não Apagar'!$C$6,'Não Apagar'!$C$7,'Não Apagar'!$C$8,'Não Apagar'!$C$9) -> Sábado | P22: 1
A23: 1 | C23: =C22+1 -> 45669 | D23: =CHOOSE(WEEKDAY(C23,2),'Não Apagar'!$C$3,'Não Apagar'!$C$4,'Não Apagar'!$C$5,'Não Apagar'!$C$6,'Não Apagar'!$C$7,'Não Apagar'!$C$8,'Não Apagar'!$C$9) -> Domingo | P23: 1
A24: 1 | C24: =C23+1 -> 45670 | D24: =CHOOSE(WEEKDAY(C24,2),'Não Apagar'!$C$3,'Não Apagar'!$C$4,'Não Apagar'!$C$5,'Não Apagar'!$C$6,'Não Apagar'!$C$7,'Não Apagar'!$C$8,'Não Apagar'!$C$9) -> Segunda-feira | I24: =((H24-E24)-(G24-F24))*24 -> 0 | J24: =MAX(0,MIN(I24,'Não Apagar'!$J$3)) -> 0 | K24: =MAX(0,I24-'Não Apagar'!$J$3) -> 0 | L24: =L21+K24 -> 0 | P24: 1
A25: 1 | C25: =C24+1 -> 45671 | D25: =CHOOSE(WEEKDAY(C25,2),'Não Apagar'!$C$3,'Não Apagar'!$C$4,'Não Apagar'!$C$5,'Não Apagar'!$C$6,'Não Apagar'!$C$7,'Não Apagar'!$C$8,'Não Apagar'!$C$9) -> Terça-feira | I25: =((H25-E25)-(G25-F25))*24 -> 0 | J25: =MAX(0,MIN(I25,'Não Apagar'!$J$3)) -> 0 | K25: =MAX(0,I25-'Não Apagar'!$J$3) -> 0 | L25: =L24+K25 -> 0 | P25: 1
A26: 1 | C26: =C25+1 -> 45672 | D26: =CHOOSE(WEEKDAY(C26,2),'Não Apagar'!$C$3,'Não Apagar'!$C$4,'Não Apagar'!$C$5,'Não Apagar'!$C$6,'Não Apagar'!$C$7,'Não Apagar'!$C$8,'Não Apagar'!$C$9) -> Quarta-feira | I26: =((H26-E26)-(G26-F26))*24 -> 0 | J26: =MAX(0,MIN(I26,'Não Apagar'!$J$3)) -> 0 | K26: =MAX(0,I26-'Não Apagar'!$J$3) -> 0 | L26: =L25+K26 -> 0 | P26: 1
A27: 1 | C27: =C26+1 -> 45673 | D27: =CHOOSE(WEEKDAY(C27,2),'Não Apagar'!$C$3,'Não Apagar'!$C$4,'Não Apagar'!$C$5,'Não Apagar'!$C$6,'Não Apagar'!$C$7,'Não Apagar'!$C$8,'Não Apagar'!$C$9) -> Segunda-feira | I27: =((H27-E27)-(G27-F27))*24 -> 0 | J27: =MAX(0,MIN(I27,'Não Apagar'!$J$3)) -> 0 | K27: =MAX(0,I27-'Não Apagar'!$J$3) -> 0 | L27: =L26+K27 -> 0 | P27: 1
A28: 1 | C28: =C27+1 -> 45674 | D28: =CHOOSE(WEEKDAY(C28,2),'Não Apagar'!$C$3,'Não Apagar'!$C$4,'Não Apagar'!$C$5,'Não Apagar'!$C$6,'Não Apagar'!$C$7,'Não Apagar'!$C$8,'Não Apagar'!$C$9) -> Sexta-feira | I28: =((H28-E28)-(G28-F28))*24 -> 0 | J28: =MAX(0,MIN(I28,'Não Apagar'!$J$3)) -> 0 | K28: =MAX(0,I28-'Não Apagar'!$J$3) -> 0 | L28: =L27+K28 -> 0 | P28: 1
A29: 1 | C29: =C28+1 -> 45675 | D29: =CHOOSE(WEEKDAY(C29,2),'Não Apagar'!$C$3,'Não Apagar'!$C$4,'Não Apagar'!$C$5,'Não Apagar'!$C$6,'Não Apagar'!$C$7,'Não Apagar'!$C$8,'Não Apagar'!$C$9) -> Sábado | P29: 1
A30: 1 | C30: =C29+1 -> 45676 | D30: =CHOOSE(WEEKDAY(C30,2),'Não Apagar'!$C$3,'Não Apagar'!$C$4,'Não Apagar'!$C$5,'Não Apagar'!$C$6,'Não Apagar'!$C$7,'Não Apagar'!$C$8,'Não Apagar'!$C$9) -> Domingo | P30: 1
A31: 1 | C31: =C30+1 -> 45677 | D31: =CHOOSE(WEEKDAY(C31,2),'Não Apagar'!$C$3,'Não Apagar'!$C$4,'Não Apagar'!$C$5,'Não Apagar'!$C$6,'Não Apagar'!$C$7,'Não Apagar'!$C$8,'Não Apagar'!$C$9) -> Segunda-feira | I31: =((H31-E31)-(G31-F31))*24 -> 0 | J31: =MAX(0,MIN(I31,'Não Apagar'!$J$3)) -> 0 | K31: =MAX(0,I31-'Não Apagar'!$J$3) -> 0 | L31: =L28+K31 -> 0 | P31: 1
A32: 1 | C32: =C31+1 -> 45678 | D32: =CHOOSE(WEEKDAY(C32,2),'Não Apagar'!$C$3,'Não Apagar'!$C$4,'Não Apagar'!$C$5,'Não Apagar'!$C$6,'Não Apagar'!$C$7,'Não Apagar'!$C$8,'Não Apagar'!$C$9) -> Terça-feira | I32: =((H32-E32)-(G32-F32))*24 -> 0 | J32: =MAX(0,MIN(I32,'Não Apagar'!$J$3)) -> 0 | K32: =MAX(0,I32-'Não Apagar'!$J$3) -> 0 | L32: =L31+K32 -> 0 | P32: 1
A33: 1 | C33: =C32+1 -> 45679 | D33: =CHOOSE(WEEKDAY(C33,2),'Não Apagar'!$C$3,'Não Apagar'!$C$4,'Não Apagar'!$C$5,'Não Apagar'!$C$6,'Não Apagar'!$C$7,'Não Apagar'!$C$8,'Não Apagar'!$C$9) -> Quarta-feira | I33: =((H33-E33)-(G33-F33))*24 -> 0 | J33: =MAX(0,MIN(I33,'Não Apagar'!$J$3)) -> 0 | K33: =MAX(0,I33-'Não Apagar'!$J$3) -> 0 | L33: =L32+K33 -> 0 | P33: 1
A34: 1 | C34: =C33+1 -> 45680 | D34: =CHOOSE(WEEKDAY(C34,2),'Não Apagar'!$C$3,'Não Apagar'!$C$4,'Não Apagar'!$C$5,'Não Apagar'!$C$6,'Não Apagar'!$C$7,'Não Apagar'!$C$8,'Não Apagar'!$C$9) -> Segunda-feira | I34: =((H34-E34)-(G34-F34))*24 -> 0 | J34: =MAX(0,MIN(I34,'Não Apagar'!$J$3)) -> 0 | K34: =MAX(0,I34-'Não Apagar'!$J$3) -> 0 | L34: =L33+K34 -> 0 | P34: 1
A35: 1 | C35: =C34+1 -> 45681 | D35: =CHOOSE(WEEKDAY(C35,2),'Não Apagar'!$C$3,'Não Apagar'!$C$4,'Não Apagar'!$C$5,'Não Apagar'!$C$6,'Não Apagar'!$C$7,'Não Apagar'!$C$8,'Não Apagar'!$C$9) -> Sexta-feira | I35: =((H35-E35)-(G35-F35))*24 -> 0 | J35: =MAX(0,MIN(I35,'Não Apagar'!$J$3)) -> 0 | K35: =MAX(0,I35-'Não Apagar'!$J$3) -> 0 | L35: =L34+K35 -> 0 | P35: 1
A36: 1 | C36: =C35+1 -> 45682 | D36: =CHOOSE(WEEKDAY(C36,2),'Não Apagar'!$C$3,'Não Apagar'!$C$4,'Não Apagar'!$C$5,'Não Apagar'!$C$6,'Não Apagar'!$C$7,'Não Apagar'!$C$8,'Não Apagar'!$C$9) -> Sábado | P36: 1
A37: 1 | C37: =C36+1 -> 45683 | D37: =CHOOSE(WEEKDAY(C37,2),'Não Apagar'!$C$3,'Não Apagar'!$C$4,'Não Apagar'!$C$5,'Não Apagar'!$C$6,'Não Apagar'!$C$7,'Não Apagar'!$C$8,'Não Apagar'!$C$9) -> Domingo | P37: 1
A38: 1 | C38: =C37+1 -> 45684 | D38: =CHOOSE(WEEKDAY(C38,2),'Não Apagar'!$C$3,'Não Apagar'!$C$4,'Não Apagar'!$C$5,'Não Apagar'!$C$6,'Não Apagar'!$C$7,'Não Apagar'!$C$8,'Não Apagar'!$C$9) -> Segunda-feira | I38: =((H38-E38)-(G38-F38))*24 -> 0 | J38: =MAX(0,MIN(I38,'Não Apagar'!$J$3)) -> 0 | K38: =MAX(0,I38-'Não Apagar'!$J$3) -> 0 | L38: =IF(H38=0,L35,L35+K38-MAX(0,'Não Apagar'!$J$3-I38)) -> 0 | P38: 1
A39: 1 | C39: =C38+1 -> 45685 | D39: =CHOOSE(WEEKDAY(C39,2),'Não Apagar'!$C$3,'Não Apagar'!$C$4,'Não Apagar'!$C$5,'Não Apagar'!$C$6,'Não Apagar'!$C$7,'Não Apagar'!$C$8,'Não Apagar'!$C$9) -> Terça-feira | I39: =((H39-E39)-(G39-F39))*24 -> 0 | J39: =MAX(0,MIN(I39,'Não Apagar'!$J$3)) -> 0 | K39: =MAX(0,I39-'Não Apagar'!$J$3) -> 0 | L39: =IF(H39=0,L38,L38+K39-MAX(0,'Não Apagar'!$J$3-I39)) -> 0 | P39: 1
A40: 1 | C40: =C39+1 -> 45686 | D40: =CHOOSE(WEEKDAY(C40,2),'Não Apagar'!$C$3,'Não Apagar'!$C$4,'Não Apagar'!$C$5,'Não Apagar'!$C$6,'Não Apagar'!$C$7,'Não Apagar'!$C$8,'Não Apagar'!$C$9) -> Quarta-feira | I40: =((H40-E40)-(G40-F40))*24 -> 0 | J40: =MAX(0,MIN(I40,'Não Apagar'!$J$3)) -> 0 | K40: =MAX(0,I40-'Não Apagar'!$J$3) -> 0 | L40: =IF(H40=0,L39,L39+K40-MAX(0,'Não Apagar'!$J$3-I40)) -> 0 | P40: 1
A41: 1 | C41: =C40+1 -> 45687 | D41: =CHOOSE(WEEKDAY(C41,2),'Não Apagar'!$C$3,'Não Apagar'!$C$4,'Não Apagar'!$C$5,'Não Apagar'!$C$6,'Não Apagar'!$C$7,'Não Apagar'!$C$8,'Não Apagar'!$C$9) -> Segunda-feira | I41: =((H41-E41)-(G41-F41))*24 -> 0 | J41: =MAX(0,MIN(I41,'Não Apagar'!$J$3)) -> 0 | K41: =MAX(0,I41-'Não Apagar'!$J$3) -> 0 | L41: =IF(H41=0,L40,L40+K41-MAX(0,'Não Apagar'!$J$3-I41)) -> 0 | P41: 1
A42: 1 | P42: 1
A43: 1 | P43: 1
A44: 1 | J44: Saldo Banco de Horas | L44: =IFERROR(INDEX(L12:L42,MATCH(9^9,H12:H41)),D8) -> 0 | P44: 1
A51: 1 | P51: 1
A52: 1 | C52: =TODAY() -> 46037 | P52: 1
A53: 1 | P53: 1
A54: 1 | P54: 1
A55: 1 | P55: 1
A56: 1 | P56: 1
A57: 1 | P57: 1
A58: 1 | P58: 1
A59: 1 | P59: 1
A60: 1 | B60: 1 | C60: 1 | D60: 1 | E60: 1 | F60: 1 | G60: 1 | H60: 1 | I60: 1 | J60: 1 | K60: 1 | L60: 1 | M60: 1 | N60: 1 | O60: 1 | P60: 1

Sheet Fev.25
A1: 1 | B1: 1 | C1: 1 | D1: 1 | E1: 1 | F1: 1 | G1: 1 | H1: 1 | I1: 1 | J1: 1 | K1: 1 | L1: 1 | M1: 1 | N1: 1 | O1: 1 | P1: 1
C3: Bluzz Saúde Ltda.
A4: 1 | C4: CNPJ | D4: 54.557.861/0001-02 | P4: 1
A5: 1 | C5: Colaborador | P5: 1
A6: 1 | C6: Mês Competência | D6: Fev.25 | P6: 1
A7: 1 | P7: 1
A8: 1 | P8: 1
A9: 1 | P9: 1
A10: 1 | P10: 1
A11: 1 | C11: CONTROLE DE PONTO | P11: 1
A12: 1 | C12: Data | D12: Dia da semana | E12: Entrada | F12: Saída Almoço | G12: Retorno Almoço | H12: Saída | I12: Horas Trabalhadas | J12: Horas Normais | K12: Horas Extras | L12: Banco de Horas | P12: 1
A13: 1 | C13: 45689 | D13: =CHOOSE(WEEKDAY(C13,2),'Não Apagar'!$C$3,'Não Apagar'!$C$4,'Não Apagar'!$C$5,'Não Apagar'!$C$6,'Não Apagar'!$C$7,'Não Apagar'!$C$8,'Não Apagar'!$C$9) -> Sábado | P13: 1
A14: 1 | C14: =C13+1 -> 45690 | D14: =CHOOSE(WEEKDAY(C14,2),'Não Apagar'!$C$3,'Não Apagar'!$C$4,'Não Apagar'!$C$5,'Não Apagar'!$C$6,'Não Apagar'!$C$7,'Não Apagar'!$C$8,'Não Apagar'!$C$9) -> Domingo | P14: 1
A15: 1 | C15: =C14+1 -> 45691 | D15: =CHOOSE(WEEKDAY(C15,2),'Não Apagar'!$C$3,'Não Apagar'!$C$4,'Não Apagar'!$C$5,'Não Apagar'!$C$6,'Não Apagar'!$C$7,'Não Apagar'!$C$8,'Não Apagar'!$C$9) -> Segunda-feira | I15: =((H15-E15)-(G15-F15))*24 -> 0 | J15: =MAX(0,MIN(I15,'Não Apagar'!$J$3)) -> 0 | K15: =MAX(0,I15-'Não Apagar'!$J$3) -> 0 | L15: =K15+Jan.25!L44 -> 0 | P15: 1
A16: 1 | C16: =C15+1 -> 45692 | D16: =CHOOSE(WEEKDAY(C16,2),'Não Apagar'!$C$3,'Não Apagar'!$C$4,'Não Apagar'!$C$5,'Não Apagar'!$C$6,'Não Apagar'!$C$7,'Não Apagar'!$C$8,'Não Apagar'!$C$9) -> Terça-feira | I16: =((H16-E16)-(G16-F16))*24 -> 0 | J16: =MAX(0,MIN(I16,'Não Apagar'!$J$3)) -> 0 | K16: =MAX(0,I16-'Não Apagar'!$J$3) -> 0 | L16: =L15+K16 -> 0 | P16: 1
A17: 1 | C17: =C16+1 -> 45693 | D17: =CHOOSE(WEEKDAY(C17,2),'Não Apagar'!$C$3,'Não Apagar'!$C$4,'Não Apagar'!$C$5,'Não Apagar'!$C$6,'Não Apagar'!$C$7,'Não Apagar'!$C$8,'Não Apagar'!$C$9) -> Quarta-feira | I17: =((H17-E17)-(G17-F17))*24 -> 0 | J17: =MAX(0,MIN(I17,'Não Apagar'!$J$3)) -> 0 | K17: =MAX(0,I17-'Não Apagar'!$J$3) -> 0 | L17: =L16+K17 -> 0 | P17: 1
A18: 1 | C18: =C17+1 -> 45694 | D18: =CHOOSE(WEEKDAY(C18,2),'Não Apagar'!$C$3,'Não Apagar'!$C$4,'Não Apagar'!$C$5,'Não Apagar'!$C$6,'Não Apagar'!$C$7,'Não Apagar'!$C$8,'Não Apagar'!$C$9) -> Segunda-feira | I18: =((H18-E18)-(G18-F18))*24 -> 0 | J18: =MAX(0,MIN(I18,'Não Apagar'!$J$3)) -> 0 | K18: =MAX(0,I18-'Não Apagar'!$J$3) -> 0 | L18: =L17+K18 -> 0 | P18: 1
A19: 1 | C19: =C18+1 -> 45695 | D19: =CHOOSE(WEEKDAY(C19,2),'Não Apagar'!$C$3,'Não Apagar'!$C$4,'Não Apagar'!$C$5,'Não Apagar'!$C$6,'Não Apagar'!$C$7,'Não Apagar'!$C$8,'Não Apagar'!$C$9) -> Sexta-feira | I19: =((H19-E19)-(G19-F19))*24 -> 0 | J19: =MAX(0,MIN(I19,'Não Apagar'!$J$3)) -> 0 | K19: =MAX(0,I19-'Não Apagar'!$J$3) -> 0 | L19: =L18+K19 -> 0 | P19: 1
A20: 1 | C20: =C19+1 -> 45696 | D20: =CHOOSE(WEEKDAY(C20,2),'Não Apagar'!$C$3,'Não Apagar'!$C$4,'Não Apagar'!$C$5,'Não Apagar'!$C$6,'Não Apagar'!$C$7,'Não Apagar'!$C$8,'Não Apagar'!$C$9) -> Sábado | P20: 1
A21: 1 | C21: =C20+1 -> 45697 | D21: =CHOOSE(WEEKDAY(C21,2),'Não Apagar'!$C$3,'Não Apagar'!$C$4,'Não Apagar'!$C$5,'Não Apagar'!$C$6,'Não Apagar'!$C$7,'Não Apagar'!$C$8,'Não Apagar'!$C$9) -> Domingo | P21: 1
A22: 1 | C22: =C21+1 -> 45698 | D22: =CHOOSE(WEEKDAY(C22,2),'Não Apagar'!$C$3,'Não Apagar'!$C$4,'Não Apagar'!$C$5,'Não Apagar'!$C$6,'Não Apagar'!$C$7,'Não Apagar'!$C$8,'Não Apagar'!$C$9) -> Segunda-feira | I22: =((H22-E22)-(G22-F22))*24 -> 0 | J22: =MAX(0,MIN(I22,'Não Apagar'!$J$3)) -> 0 | K22: =MAX(0,I22-'Não Apagar'!$J$3) -> 0 | L22: =L19+K22 -> 0 | P22: 1
A23: 1 | C23: =C22+1 -> 45699 | D23: =CHOOSE(WEEKDAY(C23,2),'Não Apagar'!$C$3,'Não Apagar'!$C$4,'Não Apagar'!$C$5,'Não Apagar'!$C$6,'Não Apagar'!$C$7,'Não Apagar'!$C$8,'Não Apagar'!$C$9) -> Terça-feira | I23: =((H23-E23)-(G23-F23))*24 -> 0 | J23: =MAX(0,MIN(I23,'Não Apagar'!$J$3)) -> 0 | K23: =MAX(0,I23-'Não Apagar'!$J$3) -> 0 | L23: =L22+K23 -> 0 | P23: 1
A24: 1 | C24: =C23+1 -> 45700 | D24: =CHOOSE(WEEKDAY(C24,2),'Não Apagar'!$C$3,'Não Apagar'!$C$4,'Não Apagar'!$C$5,'Não Apagar'!$C$6,'Não Apagar'!$C$7,'Não Apagar'!$C$8,'Não Apagar'!$C$9) -> Quarta-feira | I24: =((H24-E24)-(G24-F24))*24 -> 0 | J24: =MAX(0,MIN(I24,'Não Apagar'!$J$3)) -> 0 | K24: =MAX(0,I24-'Não Apagar'!$J$3) -> 0 | L24: =L23+K24 -> 0 | P24: 1
A25: 1 | C25: =C24+1 -> 45701 | D25: =CHOOSE(WEEKDAY(C25,2),'Não Apagar'!$C$3,'Não Apagar'!$C$4,'Não Apagar'!$C$5,'Não Apagar'!$C$6,'Não Apagar'!$C$7,'Não Apagar'!$C$8,'Não Apagar'!$C$9) -> Segunda-feira | I25: =((H25-E25)-(G25-F25))*24 -> 0 | J25: =MAX(0,MIN(I25,'Não Apagar'!$J$3)) -> 0 | K25: =MAX(0,I25-'Não Apagar'!$J$3) -> 0 | L25: =L24+K25 -> 0 | P25: 1
A26: 1 | C26: =C25+1 -> 45702 | D26: =CHOOSE(WEEKDAY(C26,2),'Não Apagar'!$C$3,'Não Apagar'!$C$4,'Não Apagar'!$C$5,'Não Apagar'!$C$6,'Não Apagar'!$C$7,'Não Apagar'!$C$8,'Não Apagar'!$C$9) -> Sexta-feira | I26: =((H26-E26)-(G26-F26))*24 -> 0 | J26: =MAX(0,MIN(I26,'Não Apagar'!$J$3)) -> 0 | K26: =MAX(0,I26-'Não Apagar'!$J$3) -> 0 | L26: =L25+K26 -> 0 | P26: 1
A27: 1 | C27: =C26+1 -> 45703 | D27: =CHOOSE(WEEKDAY(C27,2),'Não Apagar'!$C$3,'Não Apagar'!$C$4,'Não Apagar'!$C$5,'Não Apagar'!$C$6,'Não Apagar'!$C$7,'Não Apagar'!$C$8,'Não Apagar'!$C$9) -> Sábado | P27: 1
A28: 1 | C28: =C27+1 -> 45704 | D28: =CHOOSE(WEEKDAY(C28,2),'Não Apagar'!$C$3,'Não Apagar'!$C$4,'Não Apagar'!$C$5,'Não Apagar'!$C$6,'Não Apagar'!$C$7,'Não Apagar'!$C$8,'Não Apagar'!$C$9) -> Domingo | P28: 1
A29: 1 | C29: =C28+1 -> 45705 | D29: =CHOOSE(WEEKDAY(C29,2),'Não Apagar'!$C$3,'Não Apagar'!$C$4,'Não Apagar'!$C$5,'Não Apagar'!$C$6,'Não Apagar'!$C$7,'Não Apagar'!$C$8,'Não Apagar'!$C$9) -> Segunda-feira | I29: =((H29-E29)-(G29-F29))*24 -> 0 | J29: =MAX(0,MIN(I29,'Não Apagar'!$J$3)) -> 0 | K29: =MAX(0,I29-'Não Apagar'!$J$3) -> 0 | L29: =L26+K29 -> 0 | P29: 1
A30: 1 | C30: =C29+1 -> 45706 | D30: =CHOOSE(WEEKDAY(C30,2),'Não Apagar'!$C$3,'Não Apagar'!$C$4,'Não Apagar'!$C$5,'Não Apagar'!$C$6,'Não Apagar'!$C$7,'Não Apagar'!$C$8,'Não Apagar'!$C$9) -> Terça-feira | I30: =((H30-E30)-(G30-F30))*24 -> 0 | J30: =MAX(0,MIN(I30,'Não Apagar'!$J$3)) -> 0 | K30: =MAX(0,I30-'Não Apagar'!$J$3) -> 0 | L30: =L29+K30 -> 0 | P30: 1
A31: 1 | C31: =C30+1 -> 45707 | D31: =CHOOSE(WEEKDAY(C31,2),'Não Apagar'!$C$3,'Não Apagar'!$C$4,'Não Apagar'!$C$5,'Não Apagar'!$C$6,'Não Apagar'!$C$7,'Não Apagar'!$C$8,'Não Apagar'!$C$9) -> Quarta-feira | I31: =((H31-E31)-(G31-F31))*24 -> 0 | J31: =MAX(0,MIN(I31,'Não Apagar'!$J$3)) -> 0 | K31: =MAX(0,I31-'Não Apagar'!$J$3) -> 0 | L31: =L30+K31 -> 0 | P31: 1
A32: 1 | C32: =C31+1 -> 45708 | D32: =CHOOSE(WEEKDAY(C32,2),'Não Apagar'!$C$3,'Não Apagar'!$C$4,'Não Apagar'!$C$5,'Não Apagar'!$C$6,'Não Apagar'!$C$7,'Não Apagar'!$C$8,'Não Apagar'!$C$9) -> Segunda-feira | I32: =((H32-E32)-(G32-F32))*24 -> 0 | J32: =MAX(0,MIN(I32,'Não Apagar'!$J$3)) -> 0 | K32: =MAX(0,I32-'Não Apagar'!$J$3) -> 0 | L32: =L31+K32 -> 0 | P32: 1
A33: 1 | C33: =C32+1 -> 45709 | D33: =CHOOSE(WEEKDAY(C33,2),'Não Apagar'!$C$3,'Não Apagar'!$C$4,'Não Apagar'!$C$5,'Não Apagar'!$C$6,'Não Apagar'!$C$7,'Não Apagar'!$C$8,'Não Apagar'!$C$9) -> Sexta-feira | I33: =((H33-E33)-(G33-F33))*24 -> 0 | J33: =MAX(0,MIN(I33,'Não Apagar'!$J$3)) -> 0 | K33: =MAX(0,I33-'Não Apagar'!$J$3) -> 0 | L33: =L32+K33 -> 0 | P33: 1
A34: 1 | C34: =C33+1 -> 45710 | D34: =CHOOSE(WEEKDAY(C34,2),'Não Apagar'!$C$3,'Não Apagar'!$C$4,'Não Apagar'!$C$5,'Não Apagar'!$C$6,'Não Apagar'!$C$7,'Não Apagar'!$C$8,'Não Apagar'!$C$9) -> Sábado | P34: 1
A35: 1 | C35: =C34+1 -> 45711 | D35: =CHOOSE(WEEKDAY(C35,2),'Não Apagar'!$C$3,'Não Apagar'!$C$4,'Não Apagar'!$C$5,'Não Apagar'!$C$6,'Não Apagar'!$C$7,'Não Apagar'!$C$8,'Não Apagar'!$C$9) -> Domingo | P35: 1
A36: 1 | C36: =C35+1 -> 45712 | D36: =CHOOSE(WEEKDAY(C36,2),'Não Apagar'!$C$3,'Não Apagar'!$C$4,'Não Apagar'!$C$5,'Não Apagar'!$C$6,'Não Apagar'!$C$7,'Não Apagar'!$C$8,'Não Apagar'!$C$9) -> Segunda-feira | I36: =((H36-E36)-(G36-F36))*24 -> 0 | J36: =MAX(0,MIN(I36,'Não Apagar'!$J$3)) -> 0 | K36: =MAX(0,I36-'Não Apagar'!$J$3) -> 0 | L36: =L33+K36 -> 0 | P36: 1
A37: 1 | C37: =C36+1 -> 45713 | D37: =CHOOSE(WEEKDAY(C37,2),'Não Apagar'!$C$3,'Não Apagar'!$C$4,'Não Apagar'!$C$5,'Não Apagar'!$C$6,'Não Apagar'!$C$7,'Não Apagar'!$C$8,'Não Apagar'!$C$9) -> Terça-feira | I37: =((H37-E37)-(G37-F37))*24 -> 0 | J37: =MAX(0,MIN(I37,'Não Apagar'!$J$3)) -> 0 | K37: =MAX(0,I37-'Não Apagar'!$J$3) -> 0 | L37: =L36+K37 -> 0 | P37: 1
A38: 1 | C38: =C37+1 -> 45714 | D38: =CHOOSE(WEEKDAY(C38,2),'Não Apagar'!$C$3,'Não Apagar'!$C$4,'Não Apagar'!$C$5,'Não Apagar'!$C$6,'Não Apagar'!$C$7,'Não Apagar'!$C$8,'Não Apagar'!$C$9) -> Quarta-feira | I38: =((H38-E38)-(G38-F38))*24 -> 0 | J38: =MAX(0,MIN(I38,'Não Apagar'!$J$3)) -> 0 | K38: =MAX(0,I38-'Não Apagar'!$J$3) -> 0 | L38: =L37+K38 -> 0 | P38: 1
A39: 1 | C39: =C38+1 -> 45715 | D39: =CHOOSE(WEEKDAY(C39,2),'Não Apagar'!$C$3,'Não Apagar'!$C$4,'Não Apagar'!$C$5,'Não Apagar'!$C$6,'Não Apagar'!$C$7,'Não Apagar'!$C$8,'Não Apagar'!$C$9) -> Segunda-feira | I39: =((H39-E39)-(G39-F39))*24 -> 0 | J39: =MAX(0,MIN(I39,'Não Apagar'!$J$3)) -> 0 | K39: =MAX(0,I39-'Não Apagar'!$J$3) -> 0 | L39: =L38+K39 -> 0 | P39: 1
A40: 1 | C40: =C39+1 -> 45716 | D40: =CHOOSE(WEEKDAY(C40,2),'Não Apagar'!$C$3,'Não Apagar'!$C$4,'Não Apagar'!$C$5,'Não Apagar'!$C$6,'Não Apagar'!$C$7,'Não Apagar'!$C$8,'Não Apagar'!$C$9) -> Sexta-feira | I40: =((H40-E40)-(G40-F40))*24 -> 0 | J40: =MAX(0,MIN(I40,'Não Apagar'!$J$3)) -> 0 | K40: =MAX(0,I40-'Não Apagar'!$J$3) -> 0 | L40: =L39+K40 -> 0 | P40: 1
A41: 1 | P41: 1
A42: 1 | P42: 1
A43: 1 | P43: 1
A44: 1 | P44: 1
A45: 1 | J45: Saldo Banco de Horas | L45: =IFERROR(INDEX(L13:L42,MATCH(9^9,H13:H42)),Jan.25!L44) -> 0 | P45: 1
A52: 1 | P52: 1
A53: 1 | C53: =TODAY() -> 46037 | P53: 1
A54: 1 | P54: 1
A55: 1 | P55: 1
A56: 1 | P56: 1
A57: 1 | P57: 1
A58: 1 | P58: 1
A59: 1 | P59: 1
A60: 1 | P60: 1
A61: 1 | B61: 1 | C61: 1 | D61: 1 | E61: 1 | F61: 1 | G61: 1 | H61: 1 | I61: 1 | J61: 1 | K61: 1 | L61: 1 | M61: 1 | N61: 1 | O61: 1 | P61: 1

Sheet Mar.25
A1: 1 | B1: 1 | C1: 1 | D1: 1 | E1: 1 | F1: 1 | G1: 1 | H1: 1 | I1: 1 | J1: 1 | K1: 1 | L1: 1 | M1: 1 | N1: 1 | O1: 1 | P1: 1
C3: Bluzz Saúde Ltda.
A4: 1 | C4: CNPJ | D4: 54.557.861/0001-02 | P4: 1
A5: 1 | C5: Colaborador | P5: 1
A6: 1 | C6: Mês Competência | D6: Mar.25 | P6: 1
A7: 1 | P7: 1
A8: 1 | P8: 1
A9: 1 | P9: 1
A10: 1 | P10: 1
A11: 1 | C11: DEZEMBRO - CONTROLE DE PONTO | P11: 1
A12: 1 | C12: Data | D12: Dia da semana | E12: Entrada | F12: Saída Almoço | G12: Retorno Almoço | H12: Saída | I12: Horas Trabalhadas | J12: Horas Normais | K12: Horas Extras | L12: Banco de Horas | P12: 1
A13: 1 | C13: 45717 | D13: =CHOOSE(WEEKDAY(C13,2),'Não Apagar'!$C$3,'Não Apagar'!$C$4,'Não Apagar'!$C$5,'Não Apagar'!$C$6,'Não Apagar'!$C$7,'Não Apagar'!$C$8,'Não Apagar'!$C$9) -> Sábado | P13: 1
A14: 1 | C14: =C13+1 -> 45718 | D14: =CHOOSE(WEEKDAY(C14,2),'Não Apagar'!$C$3,'Não Apagar'!$C$4,'Não Apagar'!$C$5,'Não Apagar'!$C$6,'Não Apagar'!$C$7,'Não Apagar'!$C$8,'Não Apagar'!$C$9) -> Domingo | P14: 1
A15: 1 | C15: =C14+1 -> 45719 | D15: =CHOOSE(WEEKDAY(C15,2),'Não Apagar'!$C$3,'Não Apagar'!$C$4,'Não Apagar'!$C$5,'Não Apagar'!$C$6,'Não Apagar'!$C$7,'Não Apagar'!$C$8,'Não Apagar'!$C$9) -> Segunda-feira | I15: =((H15-E15)-(G15-F15))*24 -> 0 | J15: =MAX(0,MIN(I15,'Não Apagar'!$J$3)) -> 0 | K15: =MAX(0,I15-'Não Apagar'!$J$3) -> 0 | L15: =K15+Fev.25!L45 -> 0 | P15: 1
A16: 1 | C16: =C15+1 -> 45720 | D16: =CHOOSE(WEEKDAY(C16,2),'Não Apagar'!$C$3,'Não Apagar'!$C$4,'Não Apagar'!$C$5,'Não Apagar'!$C$6,'Não Apagar'!$C$7,'Não Apagar'!$C$8,'Não Apagar'!$C$9) -> Terça-feira | I16: =((H16-E16)-(G16-F16))*24 -> 0 | J16: =MAX(0,MIN(I16,'Não Apagar'!$J$3)) -> 0 | K16: =MAX(0,I16-'Não Apagar'!$J$3) -> 0 | L16: =L15+K16 -> 0 | P16: 1
A17: 1 | C17: =C16+1 -> 45721 | D17: =CHOOSE(WEEKDAY(C17,2),'Não Apagar'!$C$3,'Não Apagar'!$C$4,'Não Apagar'!$C$5,'Não Apagar'!$C$6,'Não Apagar'!$C$7,'Não Apagar'!$C$8,'Não Apagar'!$C$9) -> Quarta-feira | I17: =((H17-E17)-(G17-F17))*24 -> 0 | J17: =MAX(0,MIN(I17,'Não Apagar'!$J$3)) -> 0 | K17: =MAX(0,I17-'Não Apagar'!$J$3) -> 0 | L17: =L16+K17 -> 0 | P17: 1
A18: 1 | C18: =C17+1 -> 45722 | D18: =CHOOSE(WEEKDAY(C18,2),'Não Apagar'!$C$3,'Não Apagar'!$C$4,'Não Apagar'!$C$5,'Não Apagar'!$C$6,'Não Apagar'!$C$7,'Não Apagar'!$C$8,'Não Apagar'!$C$9) -> Segunda-feira | I18: =((H18-E18)-(G18-F18))*24 -> 0 | J18: =MAX(0,MIN(I18,'Não Apagar'!$J$3)) -> 0 | K18: =MAX(0,I18-'Não Apagar'!$J$3) -> 0 | L18: =L17+K18 -> 0 | P18: 1
A19: 1 | C19: =C18+1 -> 45723 | D19: =CHOOSE(WEEKDAY(C19,2),'Não Apagar'!$C$3,'Não Apagar'!$C$4,'Não Apagar'!$C$5,'Não Apagar'!$C$6,'Não Apagar'!$C$7,'Não Apagar'!$C$8,'Não Apagar'!$C$9) -> Sexta-feira | I19: =((H19-E19)-(G19-F19))*24 -> 0 | J19: =MAX(0,MIN(I19,'Não Apagar'!$J$3)) -> 0 | K19: =MAX(0,I19-'Não Apagar'!$J$3) -> 0 | L19: =L18+K19 -> 0 | P19: 1
A20: 1 | C20: =C19+1 -> 45724 | D20: =CHOOSE(WEEKDAY(C20,2),'Não Apagar'!$C$3,'Não Apagar'!$C$4,'Não Apagar'!$C$5,'Não Apagar'!$C$6,'Não Apagar'!$C$7,'Não Apagar'!$C$8,'Não Apagar'!$C$9) -> Sábado | P20: 1
A21: 1 | C21: =C20+1 -> 45725 | D21: =CHOOSE(WEEKDAY(C21,2),'Não Apagar'!$C$3,'Não Apagar'!$C$4,'Não Apagar'!$C$5,'Não Apagar'!$C$6,'Não Apagar'!$C$7,'Não Apagar'!$C$8,'Não Apagar'!$C$9) -> Domingo | P21: 1
A22: 1 | C22: =C21+1 -> 45726 | D22: =CHOOSE(WEEKDAY(C22,2),'Não Apagar'!$C$3,'Não Apagar'!$C$4,'Não Apagar'!$C$5,'Não Apagar'!$C$6,'Não Apagar'!$C$7,'Não Apagar'!$C$8,'Não Apagar'!$C$9) -> Segunda-feira | I22: =((H22-E22)-(G22-F22))*24 -> 0 | J22: =MAX(0,MIN(I22,'Não Apagar'!$J$3)) -> 0 | K22: =MAX(0,I22-'Não Apagar'!$J$3) -> 0 | L22: =L19+K22 -> 0 | P22: 1
A23: 1 | C23: =C22+1 -> 45727 | D23: =CHOOSE(WEEKDAY(C23,2),'Não Apagar'!$C$3,'Não Apagar'!$C$4,'Não Apagar'!$C$5,'Não Apagar'!$C$6,'Não Apagar'!$C$7,'Não Apagar'!$C$8,'Não Apagar'!$C$9) -> Terça-feira | I23: =((H23-E23)-(G23-F23))*24 -> 0 | J23: =MAX(0,MIN(I23,'Não Apagar'!$J$3)) -> 0 | K23: =MAX(0,I23-'Não Apagar'!$J$3) -> 0 | L23: =L22+K23 -> 0 | P23: 1
A24: 1 | C24: =C23+1 -> 45728 | D24: =CHOOSE(WEEKDAY(C24,2),'Não Apagar'!$C$3,'Não Apagar'!$C$4,'Não Apagar'!$C$5,'Não Apagar'!$C$6,'Não Apagar'!$C$7,'Não Apagar'!$C$8,'Não Apagar'!$C$9) -> Quarta-feira | I24: =((H24-E24)-(G24-F24))*24 -> 0 | J24: =MAX(0,MIN(I24,'Não Apagar'!$J$3)) -> 0 | K24: =MAX(0,I24-'Não Apagar'!$J$3) -> 0 | L24: =L23+K24 -> 0 | P24: 1
A25: 1 | C25: =C24+1 -> 45729 | D25: =CHOOSE(WEEKDAY(C25,2),'Não Apagar'!$C$3,'Não Apagar'!$C$4,'Não Apagar'!$C$5,'Não Apagar'!$C$6,'Não Apagar'!$C$7,'Não Apagar'!$C$8,'Não Apagar'!$C$9) -> Segunda-feira | I25: =((H25-E25)-(G25-F25))*24 -> 0 | J25: =MAX(0,MIN(I25,'Não Apagar'!$J$3)) -> 0 | K25: =MAX(0,I25-'Não Apagar'!$J$3) -> 0 | L25: =L24+K25 -> 0 | P25: 1
A26: 1 | C26: =C25+1 -> 45730 | D26: =CHOOSE(WEEKDAY(C26,2),'Não Apagar'!$C$3,'Não Apagar'!$C$4,'Não Apagar'!$C$5,'Não Apagar'!$C$6,'Não Apagar'!$C$7,'Não Apagar'!$C$8,'Não Apagar'!$C$9) -> Sexta-feira | I26: =((H26-E26)-(G26-F26))*24 -> 0 | J26: =MAX(0,MIN(I26,'Não Apagar'!$J$3)) -> 0 | K26: =MAX(0,I26-'Não Apagar'!$J$3) -> 0 | L26: =L25+K26 -> 0 | P26: 1
A27: 1 | C27: =C26+1 -> 45731 | D27: =CHOOSE(WEEKDAY(C27,2),'Não Apagar'!$C$3,'Não Apagar'!$C$4,'Não Apagar'!$C$5,'Não Apagar'!$C$6,'Não Apagar'!$C$7,'Não Apagar'!$C$8,'Não Apagar'!$C$9) -> Sábado | P27: 1
A28: 1 | C28: =C27+1 -> 45732 | D28: =CHOOSE(WEEKDAY(C28,2),'Não Apagar'!$C$3,'Não Apagar'!$C$4,'Não Apagar'!$C$5,'Não Apagar'!$C$6,'Não Apagar'!$C$7,'Não Apagar'!$C$8,'Não Apagar'!$C$9) -> Domingo | P28: 1
A29: 1 | C29: =C28+1 -> 45733 | D29: =CHOOSE(WEEKDAY(C29,2),'Não Apagar'!$C$3,'Não Apagar'!$C$4,'Não Apagar'!$C$5,'Não Apagar'!$C$6,'Não Apagar'!$C$7,'Não Apagar'!$C$8,'Não Apagar'!$C$9) -> Segunda-feira | I29: =((H29-E29)-(G29-F29))*24 -> 0 | J29: =MAX(0,MIN(I29,'Não Apagar'!$J$3)) -> 0 | K29: =MAX(0,I29-'Não Apagar'!$J$3) -> 0 | L29: =L26+K29 -> 0 | P29: 1
A30: 1 | C30: =C29+1 -> 45734 | D30: =CHOOSE(WEEKDAY(C30,2),'Não Apagar'!$C$3,'Não Apagar'!$C$4,'Não Apagar'!$C$5,'Não Apagar'!$C$6,'Não Apagar'!$C$7,'Não Apagar'!$C$8,'Não Apagar'!$C$9) -> Terça-feira | I30: =((H30-E30)-(G30-F30))*24 -> 0 | J30: =MAX(0,MIN(I30,'Não Apagar'!$J$3)) -> 0 | K30: =MAX(0,I30-'Não Apagar'!$J$3) -> 0 | L30: =L29+K30 -> 0 | P30: 1
A31: 1 | C31: =C30+1 -> 45735 | D31: =CHOOSE(WEEKDAY(C31,2),'Não Apagar'!$C$3,'Não Apagar'!$C$4,'Não Apagar'!$C$5,'Não Apagar'!$C$6,'Não Apagar'!$C$7,'Não Apagar'!$C$8,'Não Apagar'!$C$9) -> Quarta-feira | I31: =((H31-E31)-(G31-F31))*24 -> 0 | J31: =MAX(0,MIN(I31,'Não Apagar'!$J$3)) -> 0 | K31: =MAX(0,I31-'Não Apagar'!$J$3) -> 0 | L31: =L30+K31 -> 0 | P31: 1
A32: 1 | C32: =C31+1 -> 45736 | D32: =CHOOSE(WEEKDAY(C32,2),'Não Apagar'!$C$3,'Não Apagar'!$C$4,'Não Apagar'!$C$5,'Não Apagar'!$C$6,'Não Apagar'!$C$7,'Não Apagar'!$C$8,'Não Apagar'!$C$9) -> Segunda-feira | I32: =((H32-E32)-(G32-F32))*24 -> 0 | J32: =MAX(0,MIN(I32,'Não Apagar'!$J$3)) -> 0 | K32: =MAX(0,I32-'Não Apagar'!$J$3) -> 0 | L32: =L31+K32 -> 0 | P32: 1
A33: 1 | C33: =C32+1 -> 45737 | D33: =CHOOSE(WEEKDAY(C33,2),'Não Apagar'!$C$3,'Não Apagar'!$C$4,'Não Apagar'!$C$5,'Não Apagar'!$C$6,'Não Apagar'!$C$7,'Não Apagar'!$C$8,'Não Apagar'!$C$9) -> Sexta-feira | I33: =((H33-E33)-(G33-F33))*24 -> 0 | J33: =MAX(0,MIN(I33,'Não Apagar'!$J$3)) -> 0 | K33: =MAX(0,I33-'Não Apagar'!$J$3) -> 0 | L33: =L32+K33 -> 0 | P33: 1
A34: 1 | C34: =C33+1 -> 45738 | D34: =CHOOSE(WEEKDAY(C34,2),'Não Apagar'!$C$3,'Não Apagar'!$C$4,'Não Apagar'!$C$5,'Não Apagar'!$C$6,'Não Apagar'!$C$7,'Não Apagar'!$C$8,'Não Apagar'!$C$9) -> Sábado | P34: 1
A35: 1 | C35: =C34+1 -> 45739 | D35: =CHOOSE(WEEKDAY(C35,2),'Não Apagar'!$C$3,'Não Apagar'!$C$4,'Não Apagar'!$C$5,'Não Apagar'!$C$6,'Não Apagar'!$C$7,'Não Apagar'!$C$8,'Não Apagar'!$C$9) -> Domingo | P35: 1
A36: 1 | C36: =C35+1 -> 45740 | D36: =CHOOSE(WEEKDAY(C36,2),'Não Apagar'!$C$3,'Não Apagar'!$C$4,'Não Apagar'!$C$5,'Não Apagar'!$C$6,'Não Apagar'!$C$7,'Não Apagar'!$C$8,'Não Apagar'!$C$9) -> Segunda-feira | I36: =((H36-E36)-(G36-F36))*24 -> 0 | J36: =MAX(0,MIN(I36,'Não Apagar'!$J$3)) -> 0 | K36: =MAX(0,I36-'Não Apagar'!$J$3) -> 0 | L36: =L33+K36 -> 0 | P36: 1
A37: 1 | C37: =C36+1 -> 45741 | D37: =CHOOSE(WEEKDAY(C37,2),'Não Apagar'!$C$3,'Não Apagar'!$C$4,'Não Apagar'!$C$5,'Não Apagar'!$C$6,'Não Apagar'!$C$7,'Não Apagar'!$C$8,'Não Apagar'!$C$9) -> Terça-feira | I37: =((H37-E37)-(G37-F37))*24 -> 0 | J37: =MAX(0,MIN(I37,'Não Apagar'!$J$3)) -> 0 | K37: =MAX(0,I37-'Não Apagar'!$J$3) -> 0 | L37: =L36+K37 -> 0 | P37: 1
A38: 1 | C38: =C37+1 -> 45742 | D38: =CHOOSE(WEEKDAY(C38,2),'Não Apagar'!$C$3,'Não Apagar'!$C$4,'Não Apagar'!$C$5,'Não Apagar'!$C$6,'Não Apagar'!$C$7,'Não Apagar'!$C$8,'Não Apagar'!$C$9) -> Quarta-feira | I38: =((H38-E38)-(G38-F38))*24 -> 0 | J38: =MAX(0,MIN(I38,'Não Apagar'!$J$3)) -> 0 | K38: =MAX(0,I38-'Não Apagar'!$J$3) -> 0 | L38: =L37+K38 -> 0 | P38: 1
A39: 1 | C39: =C38+1 -> 45743 | D39: =CHOOSE(WEEKDAY(C39,2),'Não Apagar'!$C$3,'Não Apagar'!$C$4,'Não Apagar'!$C$5,'Não Apagar'!$C$6,'Não Apagar'!$C$7,'Não Apagar'!$C$8,'Não Apagar'!$C$9) -> Segunda-feira | I39: =((H39-E39)-(G39-F39))*24 -> 0 | J39: =MAX(0,MIN(I39,'Não Apagar'!$J$3)) -> 0 | K39: =MAX(0,I39-'Não Apagar'!$J$3) -> 0 | L39: =L38+K39 -> 0 | P39: 1
A40: 1 | C40: =C39+1 -> 45744 | D40: =CHOOSE(WEEKDAY(C40,2),'Não Apagar'!$C$3,'Não Apagar'!$C$4,'Não Apagar'!$C$5,'Não Apagar'!$C$6,'Não Apagar'!$C$7,'Não Apagar'!$C$8,'Não Apagar'!$C$9) -> Sexta-feira | I40: =((H40-E40)-(G40-F40))*24 -> 0 | J40: =MAX(0,MIN(I40,'Não Apagar'!$J$3)) -> 0 | K40: =MAX(0,I40-'Não Apagar'!$J$3) -> 0 | L40: =L39+K40 -> 0 | P40: 1
A41: 1 | C41: =C40+1 -> 45745 | D41: =CHOOSE(WEEKDAY(C41,2),'Não Apagar'!$C$3,'Não Apagar'!$C$4,'Não Apagar'!$C$5,'Não Apagar'!$C$6,'Não Apagar'!$C$7,'Não Apagar'!$C$8,'Não Apagar'!$C$9) -> Sábado | P41: 1
A42: 1 | C42: =C41+1 -> 45746 | D42: =CHOOSE(WEEKDAY(C42,2),'Não Apagar'!$C$3,'Não Apagar'!$C$4,'Não Apagar'!$C$5,'Não Apagar'!$C$6,'Não Apagar'!$C$7,'Não Apagar'!$C$8,'Não Apagar'!$C$9) -> Domingo | P42: 1
A43: 1 | C43: =C42+1 -> 45747 | D43: =CHOOSE(WEEKDAY(C43,2),'Não Apagar'!$C$3,'Não Apagar'!$C$4,'Não Apagar'!$C$5,'Não Apagar'!$C$6,'Não Apagar'!$C$7,'Não Apagar'!$C$8,'Não Apagar'!$C$9) -> Segunda-feira | I43: =((H43-E43)-(G43-F43))*24 -> 0 | J43: =MAX(0,MIN(I43,'Não Apagar'!$J$3)) -> 0 | K43: =MAX(0,I43-'Não Apagar'!$J$3) -> 0 | L43: =L40+K43 -> 0 | P43: 1
A44: 1 | P44: 1
A45: 1 | J45: Saldo Banco de Horas | L45: =IFERROR(INDEX(L13:L43,MATCH(9^9,H13:H43)),Fev.25!L45) -> 0 | P45: 1
A52: 1 | P52: 1
A53: 1 | C53: =TODAY() -> 46037 | P53: 1
A54: 1 | P54: 1
A55: 1 | P55: 1
A56: 1 | P56: 1
A57: 1 | P57: 1
A58: 1 | P58: 1
A59: 1 | P59: 1
A60: 1 | P60: 1
A61: 1 | B61: 1 | C61: 1 | D61: 1 | E61: 1 | F61: 1 | G61: 1 | H61: 1 | I61: 1 | J61: 1 | K61: 1 | L61: 1 | M61: 1 | N61: 1 | O61: 1 | P61: 1

Sheet Abr.25
A1: 1 | B1: 1 | C1: 1 | D1: 1 | E1: 1 | F1: 1 | G1: 1 | H1: 1 | I1: 1 | J1: 1 | K1: 1 | L1: 1 | M1: 1 | N1: 1 | O1: 1 | P1: 1
C3: Bluzz Saúde Ltda.
A4: 1 | C4: CNPJ | D4: 54.557.861/0001-02 | P4: 1
A5: 1 | C5: Colaborador | P5: 1
A6: 1 | C6: Mês Competência | D6: Abr.25 | P6: 1
A7: 1 | P7: 1
A8: 1 | P8: 1
A9: 1 | P9: 1
A10: 1 | P10: 1
A11: 1 | C11: CONTROLE DE PONTO | P11: 1
A12: 1 | C12: Data | D12: Dia da semana | E12: Entrada | F12: Saída Almoço | G12: Retorno Almoço | H12: Saída | I12: Horas Trabalhadas | J12: Horas Normais | K12: Horas Extras | L12: Banco de Horas | P12: 1
A13: 1 | C13: =Mar.25!C43 -> 45747 | D13: =Mar.25!D43 -> Segunda-feira | P13: 1
A14: 1 | C14: 45748 | D14: =CHOOSE(WEEKDAY(C14,2),'Não Apagar'!$C$3,'Não Apagar'!$C$4,'Não Apagar'!$C$5,'Não Apagar'!$C$6,'Não Apagar'!$C$7,'Não Apagar'!$C$8,'Não Apagar'!$C$9) -> Terça-feira | I14: =((H14-E14)-(G14-F14))*24 -> 0 | J14: =MAX(0,MIN(I14,'Não Apagar'!$J$3)) -> 0 | K14: =MAX(0,I14-'Não Apagar'!$J$3) -> 0 | L14: =K14+Mar.25!L45 -> 0 | P14: 1
A15: 1 | C15: =C14+1 -> 45749 | D15: =CHOOSE(WEEKDAY(C15,2),'Não Apagar'!$C$3,'Não Apagar'!$C$4,'Não Apagar'!$C$5,'Não Apagar'!$C$6,'Não Apagar'!$C$7,'Não Apagar'!$C$8,'Não Apagar'!$C$9) -> Quarta-feira | I15: =((H15-E15)-(G15-F15))*24 -> 0 | J15: =MAX(0,MIN(I15,'Não Apagar'!$J$3)) -> 0 | K15: =MAX(0,I15-'Não Apagar'!$J$3) -> 0 | L15: =L14+K15 -> 0 | P15: 1
A16: 1 | C16: =C15+1 -> 45750 | D16: =CHOOSE(WEEKDAY(C16,2),'Não Apagar'!$C$3,'Não Apagar'!$C$4,'Não Apagar'!$C$5,'Não Apagar'!$C$6,'Não Apagar'!$C$7,'Não Apagar'!$C$8,'Não Apagar'!$C$9) -> Segunda-feira | I16: =((H16-E16)-(G16-F16))*24 -> 0 | J16: =MAX(0,MIN(I16,'Não Apagar'!$J$3)) -> 0 | K16: =MAX(0,I16-'Não Apagar'!$J$3) -> 0 | L16: =L15+K16 -> 0 | P16: 1
A17: 1 | C17: =C16+1 -> 45751 | D17: =CHOOSE(WEEKDAY(C17,2),'Não Apagar'!$C$3,'Não Apagar'!$C$4,'Não Apagar'!$C$5,'Não Apagar'!$C$6,'Não Apagar'!$C$7,'Não Apagar'!$C$8,'Não Apagar'!$C$9) -> Sexta-feira | I17: =((H17-E17)-(G17-F17))*24 -> 0 | J17: =MAX(0,MIN(I17,'Não Apagar'!$J$3)) -> 0 | K17: =MAX(0,I17-'Não Apagar'!$J$3) -> 0 | L17: =L16+K17 -> 0 | P17: 1
A18: 1 | C18: =C17+1 -> 45752 | D18: =CHOOSE(WEEKDAY(C18,2),'Não Apagar'!$C$3,'Não Apagar'!$C$4,'Não Apagar'!$C$5,'Não Apagar'!$C$6,'Não Apagar'!$C$7,'Não Apagar'!$C$8,'Não Apagar'!$C$9) -> Sábado | P18: 1
A19: 1 | C19: =C18+1 -> 45753 | D19: =CHOOSE(WEEKDAY(C19,2),'Não Apagar'!$C$3,'Não Apagar'!$C$4,'Não Apagar'!$C$5,'Não Apagar'!$C$6,'Não Apagar'!$C$7,'Não Apagar'!$C$8,'Não Apagar'!$C$9) -> Domingo | P19: 1
A20: 1 | C20: =C19+1 -> 45754 | D20: =CHOOSE(WEEKDAY(C20,2),'Não Apagar'!$C$3,'Não Apagar'!$C$4,'Não Apagar'!$C$5,'Não Apagar'!$C$6,'Não Apagar'!$C$7,'Não Apagar'!$C$8,'Não Apagar'!$C$9) -> Segunda-feira | I20: =((H20-E20)-(G20-F20))*24 -> 0 | J20: =MAX(0,MIN(I20,'Não Apagar'!$J$3)) -> 0 | K20: =MAX(0,I20-'Não Apagar'!$J$3) -> 0 | L20: =L17+K20 -> 0 | P20: 1
A21: 1 | C21: =C20+1 -> 45755 | D21: =CHOOSE(WEEKDAY(C21,2),'Não Apagar'!$C$3,'Não Apagar'!$C$4,'Não Apagar'!$C$5,'Não Apagar'!$C$6,'Não Apagar'!$C$7,'Não Apagar'!$C$8,'Não Apagar'!$C$9) -> Terça-feira | I21: =((H21-E21)-(G21-F21))*24 -> 0 | J21: =MAX(0,MIN(I21,'Não Apagar'!$J$3)) -> 0 | K21: =MAX(0,I21-'Não Apagar'!$J$3) -> 0 | L21: =L20+K21 -> 0 | P21: 1
A22: 1 | C22: =C21+1 -> 45756 | D22: =CHOOSE(WEEKDAY(C22,2),'Não Apagar'!$C$3,'Não Apagar'!$C$4,'Não Apagar'!$C$5,'Não Apagar'!$C$6,'Não Apagar'!$C$7,'Não Apagar'!$C$8,'Não Apagar'!$C$9) -> Quarta-feira | I22: =((H22-E22)-(G22-F22))*24 -> 0 | J22: =MAX(0,MIN(I22,'Não Apagar'!$J$3)) -> 0 | K22: =MAX(0,I22-'Não Apagar'!$J$3) -> 0 | L22: =L21+K22 -> 0 | P22: 1
A23: 1 | C23: =C22+1 -> 45757 | D23: =CHOOSE(WEEKDAY(C23,2),'Não Apagar'!$C$3,'Não Apagar'!$C$4,'Não Apagar'!$C$5,'Não Apagar'!$C$6,'Não Apagar'!$C$7,'Não Apagar'!$C$8,'Não Apagar'!$C$9) -> Segunda-feira | I23: =((H23-E23)-(G23-F23))*24 -> 0 | J23: =MAX(0,MIN(I23,'Não Apagar'!$J$3)) -> 0 | K23: =MAX(0,I23-'Não Apagar'!$J$3) -> 0 | L23: =L22+K23 -> 0 | P23: 1
A24: 1 | C24: =C23+1 -> 45758 | D24: =CHOOSE(WEEKDAY(C24,2),'Não Apagar'!$C$3,'Não Apagar'!$C$4,'Não Apagar'!$C$5,'Não Apagar'!$C$6,'Não Apagar'!$C$7,'Não Apagar'!$C$8,'Não Apagar'!$C$9) -> Sexta-feira | I24: =((H24-E24)-(G24-F24))*24 -> 0 | J24: =MAX(0,MIN(I24,'Não Apagar'!$J$3)) -> 0 | K24: =MAX(0,I24-'Não Apagar'!$J$3) -> 0 | L24: =L23+K24 -> 0 | P24: 1
A25: 1 | C25: =C24+1 -> 45759 | D25: =CHOOSE(WEEKDAY(C25,2),'Não Apagar'!$C$3,'Não Apagar'!$C$4,'Não Apagar'!$C$5,'Não Apagar'!$C$6,'Não Apagar'!$C$7,'Não Apagar'!$C$8,'Não Apagar'!$C$9) -> Sábado | P25: 1
A26: 1 | C26: =C25+1 -> 45760 | D26: =CHOOSE(WEEKDAY(C26,2),'Não Apagar'!$C$3,'Não Apagar'!$C$4,'Não Apagar'!$C$5,'Não Apagar'!$C$6,'Não Apagar'!$C$7,'Não Apagar'!$C$8,'Não Apagar'!$C$9) -> Domingo | P26: 1
A27: 1 | C27: =C26+1 -> 45761 | D27: =CHOOSE(WEEKDAY(C27,2),'Não Apagar'!$C$3,'Não Apagar'!$C$4,'Não Apagar'!$C$5,'Não Apagar'!$C$6,'Não Apagar'!$C$7,'Não Apagar'!$C$8,'Não Apagar'!$C$9) -> Segunda-feira | I27: =((H27-E27)-(G27-F27))*24 -> 0 | J27: =MAX(0,MIN(I27,'Não Apagar'!$J$3)) -> 0 | K27: =MAX(0,I27-'Não Apagar'!$J$3) -> 0 | L27: =L24+K27 -> 0 | P27: 1
A28: 1 | C28: =C27+1 -> 45762 | D28: =CHOOSE(WEEKDAY(C28,2),'Não Apagar'!$C$3,'Não Apagar'!$C$4,'Não Apagar'!$C$5,'Não Apagar'!$C$6,'Não Apagar'!$C$7,'Não Apagar'!$C$8,'Não Apagar'!$C$9) -> Terça-feira | I28: =((H28-E28)-(G28-F28))*24 -> 0 | J28: =MAX(0,MIN(I28,'Não Apagar'!$J$3)) -> 0 | K28: =MAX(0,I28-'Não Apagar'!$J$3) -> 0 | L28: =L27+K28 -> 0 | P28: 1
A29: 1 | C29: =C28+1 -> 45763 | D29: =CHOOSE(WEEKDAY(C29,2),'Não Apagar'!$C$3,'Não Apagar'!$C$4,'Não Apagar'!$C$5,'Não Apagar'!$C$6,'Não Apagar'!$C$7,'Não Apagar'!$C$8,'Não Apagar'!$C$9) -> Quarta-feira | I29: =((H29-E29)-(G29-F29))*24 -> 0 | J29: =MAX(0,MIN(I29,'Não Apagar'!$J$3)) -> 0 | K29: =MAX(0,I29-'Não Apagar'!$J$3) -> 0 | L29: =L28+K29 -> 0 | P29: 1
A30: 1 | C30: =C29+1 -> 45764 | D30: =CHOOSE(WEEKDAY(C30,2),'Não Apagar'!$C$3,'Não Apagar'!$C$4,'Não Apagar'!$C$5,'Não Apagar'!$C$6,'Não Apagar'!$C$7,'Não Apagar'!$C$8,'Não Apagar'!$C$9) -> Segunda-feira | I30: =((H30-E30)-(G30-F30))*24 -> 0 | J30: =MAX(0,MIN(I30,'Não Apagar'!$J$3)) -> 0 | K30: =MAX(0,I30-'Não Apagar'!$J$3) -> 0 | L30: =L29+K30 -> 0 | P30: 1
A31: 1 | C31: =C30+1 -> 45765 | D31: =CHOOSE(WEEKDAY(C31,2),'Não Apagar'!$C$3,'Não Apagar'!$C$4,'Não Apagar'!$C$5,'Não Apagar'!$C$6,'Não Apagar'!$C$7,'Não Apagar'!$C$8,'Não Apagar'!$C$9) -> Sexta-feira | I31: =((H31-E31)-(G31-F31))*24 -> 0 | J31: =MAX(0,MIN(I31,'Não Apagar'!$J$3)) -> 0 | K31: =MAX(0,I31-'Não Apagar'!$J$3) -> 0 | L31: =L30+K31 -> 0 | P31: 1
A32: 1 | C32: =C31+1 -> 45766 | D32: =CHOOSE(WEEKDAY(C32,2),'Não Apagar'!$C$3,'Não Apagar'!$C$4,'Não Apagar'!$C$5,'Não Apagar'!$C$6,'Não Apagar'!$C$7,'Não Apagar'!$C$8,'Não Apagar'!$C$9) -> Sábado | P32: 1
A33: 1 | C33: =C32+1 -> 45767 | D33: =CHOOSE(WEEKDAY(C33,2),'Não Apagar'!$C$3,'Não Apagar'!$C$4,'Não Apagar'!$C$5,'Não Apagar'!$C$6,'Não Apagar'!$C$7,'Não Apagar'!$C$8,'Não Apagar'!$C$9) -> Domingo | P33: 1
A34: 1 | C34: =C33+1 -> 45768 | D34: =CHOOSE(WEEKDAY(C34,2),'Não Apagar'!$C$3,'Não Apagar'!$C$4,'Não Apagar'!$C$5,'Não Apagar'!$C$6,'Não Apagar'!$C$7,'Não Apagar'!$C$8,'Não Apagar'!$C$9) -> Segunda-feira | I34: =((H34-E34)-(G34-F34))*24 -> 0 | J34: =MAX(0,MIN(I34,'Não Apagar'!$J$3)) -> 0 | K34: =MAX(0,I34-'Não Apagar'!$J$3) -> 0 | L34: =L31+K34 -> 0 | P34: 1
A35: 1 | C35: =C34+1 -> 45769 | D35: =CHOOSE(WEEKDAY(C35,2),'Não Apagar'!$C$3,'Não Apagar'!$C$4,'Não Apagar'!$C$5,'Não Apagar'!$C$6,'Não Apagar'!$C$7,'Não Apagar'!$C$8,'Não Apagar'!$C$9) -> Terça-feira | I35: =((H35-E35)-(G35-F35))*24 -> 0 | J35: =MAX(0,MIN(I35,'Não Apagar'!$J$3)) -> 0 | K35: =MAX(0,I35-'Não Apagar'!$J$3) -> 0 | L35: =L34+K35 -> 0 | P35: 1
A36: 1 | C36: =C35+1 -> 45770 | D36: =CHOOSE(WEEKDAY(C36,2),'Não Apagar'!$C$3,'Não Apagar'!$C$4,'Não Apagar'!$C$5,'Não Apagar'!$C$6,'Não Apagar'!$C$7,'Não Apagar'!$C$8,'Não Apagar'!$C$9) -> Quarta-feira | I36: =((H36-E36)-(G36-F36))*24 -> 0 | J36: =MAX(0,MIN(I36,'Não Apagar'!$J$3)) -> 0 | K36: =MAX(0,I36-'Não Apagar'!$J$3) -> 0 | L36: =L35+K36 -> 0 | P36: 1
A37: 1 | C37: =C36+1 -> 45771 | D37: =CHOOSE(WEEKDAY(C37,2),'Não Apagar'!$C$3,'Não Apagar'!$C$4,'Não Apagar'!$C$5,'Não Apagar'!$C$6,'Não Apagar'!$C$7,'Não Apagar'!$C$8,'Não Apagar'!$C$9) -> Segunda-feira | I37: =((H37-E37)-(G37-F37))*24 -> 0 | J37: =MAX(0,MIN(I37,'Não Apagar'!$J$3)) -> 0 | K37: =MAX(0,I37-'Não Apagar'!$J$3) -> 0 | L37: =L36+K37 -> 0 | P37: 1
A38: 1 | C38: =C37+1 -> 45772 | D38: =CHOOSE(WEEKDAY(C38,2),'Não Apagar'!$C$3,'Não Apagar'!$C$4,'Não Apagar'!$C$5,'Não Apagar'!$C$6,'Não Apagar'!$C$7,'Não Apagar'!$C$8,'Não Apagar'!$C$9) -> Sexta-feira | I38: =((H38-E38)-(G38-F38))*24 -> 0 | J38: =MAX(0,MIN(I38,'Não Apagar'!$J$3)) -> 0 | K38: =MAX(0,I38-'Não Apagar'!$J$3) -> 0 | L38: =L37+K38 -> 0 | P38: 1
A39: 1 | C39: =C38+1 -> 45773 | D39: =CHOOSE(WEEKDAY(C39,2),'Não Apagar'!$C$3,'Não Apagar'!$C$4,'Não Apagar'!$C$5,'Não Apagar'!$C$6,'Não Apagar'!$C$7,'Não Apagar'!$C$8,'Não Apagar'!$C$9) -> Sábado | P39: 1
A40: 1 | C40: =C39+1 -> 45774 | D40: =CHOOSE(WEEKDAY(C40,2),'Não Apagar'!$C$3,'Não Apagar'!$C$4,'Não Apagar'!$C$5,'Não Apagar'!$C$6,'Não Apagar'!$C$7,'Não Apagar'!$C$8,'Não Apagar'!$C$9) -> Domingo | P40: 1
A41: 1 | C41: =C40+1 -> 45775 | D41: =CHOOSE(WEEKDAY(C41,2),'Não Apagar'!$C$3,'Não Apagar'!$C$4,'Não Apagar'!$C$5,'Não Apagar'!$C$6,'Não Apagar'!$C$7,'Não Apagar'!$C$8,'Não Apagar'!$C$9) -> Segunda-feira | I41: =((H41-E41)-(G41-F41))*24 -> 0 | J41: =MAX(0,MIN(I41,'Não Apagar'!$J$3)) -> 0 | K41: =MAX(0,I41-'Não Apagar'!$J$3) -> 0 | L41: =L38+K41 -> 0 | P41: 1
A42: 1 | C42: =C41+1 -> 45776 | D42: =CHOOSE(WEEKDAY(C42,2),'Não Apagar'!$C$3,'Não Apagar'!$C$4,'Não Apagar'!$C$5,'Não Apagar'!$C$6,'Não Apagar'!$C$7,'Não Apagar'!$C$8,'Não Apagar'!$C$9) -> Terça-feira | I42: =((H42-E42)-(G42-F42))*24 -> 0 | J42: =MAX(0,MIN(I42,'Não Apagar'!$J$3)) -> 0 | K42: =MAX(0,I42-'Não Apagar'!$J$3) -> 0 | L42: =L41+K42 -> 0 | P42: 1
A43: 1 | C43: =C42+1 -> 45777 | D43: =CHOOSE(WEEKDAY(C43,2),'Não Apagar'!$C$3,'Não Apagar'!$C$4,'Não Apagar'!$C$5,'Não Apagar'!$C$6,'Não Apagar'!$C$7,'Não Apagar'!$C$8,'Não Apagar'!$C$9) -> Quarta-feira | I43: =((H43-E43)-(G43-F43))*24 -> 0 | J43: =MAX(0,MIN(I43,'Não Apagar'!$J$3)) -> 0 | K43: =MAX(0,I43-'Não Apagar'!$J$3) -> 0 | L43: =L42+K43 -> 0 | P43: 1
A44: 1 | P44: 1
A45: 1 | P45: 1
A46: 1 | J46: Saldo Banco de Horas | L46: =IFERROR(INDEX(L14:L43,MATCH(9^9,H14:H43)),Mar.25!L45) -> 0 | P46: 1
A53: 1 | P53: 1
A54: 1 | C54: =TODAY() -> 46037 | P54: 1
A55: 1 | P55: 1
A56: 1 | P56: 1
A57: 1 | P57: 1
A58: 1 | P58: 1
A59: 1 | P59: 1
A60: 1 | P60: 1
A61: 1 | P61: 1
A62: 1 | B62: 1 | C62: 1 | D62: 1 | E62: 1 | F62: 1 | G62: 1 | H62: 1 | I62: 1 | J62: 1 | K62: 1 | L62: 1 | M62: 1 | N62: 1 | O62: 1 | P62: 1

Sheet Mai.25
A1: 1 | B1: 1 | C1: 1 | D1: 1 | E1: 1 | F1: 1 | G1: 1 | H1: 1 | I1: 1 | J1: 1 | K1: 1 | L1: 1 | M1: 1 | N1: 1 | O1: 1 | P1: 1
C3: Bluzz Saúde Ltda.
A4: 1 | C4: CNPJ | D4: 54.557.861/0001-02 | P4: 1
A5: 1 | C5: Colaborador | P5: 1
A6: 1 | C6: Mês Competência | D6: Mai.25 | P6: 1
A7: 1 | P7: 1
A8: 1 | P8: 1
A9: 1 | P9: 1
A10: 1 | P10: 1
A11: 1 | C11: CONTROLE DE PONTO | P11: 1
A12: 1 | C12: Data | D12: Dia da semana | E12: Entrada | F12: Saída Almoço | G12: Retorno Almoço | H12: Saída | I12: Horas Trabalhadas | J12: Horas Normais | K12: Horas Extras | L12: Banco de Horas | P12: 1
A13: 1 | P13: 1
A14: 1 | C14: 45778 | D14: =CHOOSE(WEEKDAY(C14,2),'Não Apagar'!$C$3,'Não Apagar'!$C$4,'Não Apagar'!$C$5,'Não Apagar'!$C$6,'Não Apagar'!$C$7,'Não Apagar'!$C$8,'Não Apagar'!$C$9) -> Segunda-feira | I14: =((H14-E14)-(G14-F14))*24 -> 0 | J14: =MAX(0,MIN(I14,'Não Apagar'!$J$3)) -> 0 | K14: =MAX(0,I14-'Não Apagar'!$J$3) -> 0 | L14: =K14+Abr.25!L46 -> 0 | P14: 1
A15: 1 | C15: =C14+1 -> 45779 | D15: =CHOOSE(WEEKDAY(C15,2),'Não Apagar'!$C$3,'Não Apagar'!$C$4,'Não Apagar'!$C$5,'Não Apagar'!$C$6,'Não Apagar'!$C$7,'Não Apagar'!$C$8,'Não Apagar'!$C$9) -> Sexta-feira | I15: =((H15-E15)-(G15-F15))*24 -> 0 | J15: =MAX(0,MIN(I15,'Não Apagar'!$J$3)) -> 0 | K15: =MAX(0,I15-'Não Apagar'!$J$3) -> 0 | L15: =L14+K15 -> 0 | P15: 1
A16: 1 | C16: =C15+1 -> 45780 | D16: =CHOOSE(WEEKDAY(C16,2),'Não Apagar'!$C$3,'Não Apagar'!$C$4,'Não Apagar'!$C$5,'Não Apagar'!$C$6,'Não Apagar'!$C$7,'Não Apagar'!$C$8,'Não Apagar'!$C$9) -> Sábado | P16: 1
A17: 1 | C17: =C16+1 -> 45781 | D17: =CHOOSE(WEEKDAY(C17,2),'Não Apagar'!$C$3,'Não Apagar'!$C$4,'Não Apagar'!$C$5,'Não Apagar'!$C$6,'Não Apagar'!$C$7,'Não Apagar'!$C$8,'Não Apagar'!$C$9) -> Domingo | P17: 1
A18: 1 | C18: =C17+1 -> 45782 | D18: =CHOOSE(WEEKDAY(C18,2),'Não Apagar'!$C$3,'Não Apagar'!$C$4,'Não Apagar'!$C$5,'Não Apagar'!$C$6,'Não Apagar'!$C$7,'Não Apagar'!$C$8,'Não Apagar'!$C$9) -> Segunda-feira | I18: =((H18-E18)-(G18-F18))*24 -> 0 | J18: =MAX(0,MIN(I18,'Não Apagar'!$J$3)) -> 0 | K18: =MAX(0,I18-'Não Apagar'!$J$3) -> 0 | L18: =L15+K18 -> 0 | P18: 1
A19: 1 | C19: =C18+1 -> 45783 | D19: =CHOOSE(WEEKDAY(C19,2),'Não Apagar'!$C$3,'Não Apagar'!$C$4,'Não Apagar'!$C$5,'Não Apagar'!$C$6,'Não Apagar'!$C$7,'Não Apagar'!$C$8,'Não Apagar'!$C$9) -> Terça-feira | I19: =((H19-E19)-(G19-F19))*24 -> 0 | J19: =MAX(0,MIN(I19,'Não Apagar'!$J$3)) -> 0 | K19: =MAX(0,I19-'Não Apagar'!$J$3) -> 0 | L19: =L18+K19 -> 0 | P19: 1
A20: 1 | C20: =C19+1 -> 45784 | D20: =CHOOSE(WEEKDAY(C20,2),'Não Apagar'!$C$3,'Não Apagar'!$C$4,'Não Apagar'!$C$5,'Não Apagar'!$C$6,'Não Apagar'!$C$7,'Não Apagar'!$C$8,'Não Apagar'!$C$9) -> Quarta-feira | I20: =((H20-E20)-(G20-F20))*24 -> 0 | J20: =MAX(0,MIN(I20,'Não Apagar'!$J$3)) -> 0 | K20: =MAX(0,I20-'Não Apagar'!$J$3) -> 0 | L20: =L19+K20 -> 0 | P20: 1
A21: 1 | C21: =C20+1 -> 45785 | D21: =CHOOSE(WEEKDAY(C21,2),'Não Apagar'!$C$3,'Não Apagar'!$C$4,'Não Apagar'!$C$5,'Não Apagar'!$C$6,'Não Apagar'!$C$7,'Não Apagar'!$C$8,'Não Apagar'!$C$9) -> Segunda-feira | I21: =((H21-E21)-(G21-F21))*24 -> 0 | J21: =MAX(0,MIN(I21,'Não Apagar'!$J$3)) -> 0 | K21: =MAX(0,I21-'Não Apagar'!$J$3) -> 0 | L21: =L20+K21 -> 0 | P21: 1
A22: 1 | C22: =C21+1 -> 45786 | D22: =CHOOSE(WEEKDAY(C22,2),'Não Apagar'!$C$3,'Não Apagar'!$C$4,'Não Apagar'!$C$5,'Não Apagar'!$C$6,'Não Apagar'!$C$7,'Não Apagar'!$C$8,'Não Apagar'!$C$9) -> Sexta-feira | I22: =((H22-E22)-(G22-F22))*24 -> 0 | J22: =MAX(0,MIN(I22,'Não Apagar'!$J$3)) -> 0 | K22: =MAX(0,I22-'Não Apagar'!$J$3) -> 0 | L22: =L21+K22 -> 0 | P22: 1
A23: 1 | C23: =C22+1 -> 45787 | D23: =CHOOSE(WEEKDAY(C23,2),'Não Apagar'!$C$3,'Não Apagar'!$C$4,'Não Apagar'!$C$5,'Não Apagar'!$C$6,'Não Apagar'!$C$7,'Não Apagar'!$C$8,'Não Apagar'!$C$9) -> Sábado | P23: 1
A24: 1 | C24: =C23+1 -> 45788 | D24: =CHOOSE(WEEKDAY(C24,2),'Não Apagar'!$C$3,'Não Apagar'!$C$4,'Não Apagar'!$C$5,'Não Apagar'!$C$6,'Não Apagar'!$C$7,'Não Apagar'!$C$8,'Não Apagar'!$C$9) -> Domingo | P24: 1
A25: 1 | C25: =C24+1 -> 45789 | D25: =CHOOSE(WEEKDAY(C25,2),'Não Apagar'!$C$3,'Não Apagar'!$C$4,'Não Apagar'!$C$5,'Não Apagar'!$C$6,'Não Apagar'!$C$7,'Não Apagar'!$C$8,'Não Apagar'!$C$9) -> Segunda-feira | I25: =((H25-E25)-(G25-F25))*24 -> 0 | J25: =MAX(0,MIN(I25,'Não Apagar'!$J$3)) -> 0 | K25: =MAX(0,I25-'Não Apagar'!$J$3) -> 0 | L25: =L22+K25 -> 0 | P25: 1
A26: 1 | C26: =C25+1 -> 45790 | D26: =CHOOSE(WEEKDAY(C26,2),'Não Apagar'!$C$3,'Não Apagar'!$C$4,'Não Apagar'!$C$5,'Não Apagar'!$C$6,'Não Apagar'!$C$7,'Não Apagar'!$C$8,'Não Apagar'!$C$9) -> Terça-feira | I26: =((H26-E26)-(G26-F26))*24 -> 0 | J26: =MAX(0,MIN(I26,'Não Apagar'!$J$3)) -> 0 | K26: =MAX(0,I26-'Não Apagar'!$J$3) -> 0 | L26: =L25+K26 -> 0 | P26: 1
A27: 1 | C27: =C26+1 -> 45791 | D27: =CHOOSE(WEEKDAY(C27,2),'Não Apagar'!$C$3,'Não Apagar'!$C$4,'Não Apagar'!$C$5,'Não Apagar'!$C$6,'Não Apagar'!$C$7,'Não Apagar'!$C$8,'Não Apagar'!$C$9) -> Quarta-feira | I27: =((H27-E27)-(G27-F27))*24 -> 0 | J27: =MAX(0,MIN(I27,'Não Apagar'!$J$3)) -> 0 | K27: =MAX(0,I27-'Não Apagar'!$J$3) -> 0 | L27: =L26+K27 -> 0 | P27: 1
A28: 1 | C28: =C27+1 -> 45792 | D28: =CHOOSE(WEEKDAY(C28,2),'Não Apagar'!$C$3,'Não Apagar'!$C$4,'Não Apagar'!$C$5,'Não Apagar'!$C$6,'Não Apagar'!$C$7,'Não Apagar'!$C$8,'Não Apagar'!$C$9) -> Segunda-feira | I28: =((H28-E28)-(G28-F28))*24 -> 0 | J28: =MAX(0,MIN(I28,'Não Apagar'!$J$3)) -> 0 | K28: =MAX(0,I28-'Não Apagar'!$J$3) -> 0 | L28: =L27+K28 -> 0 | P28: 1
A29: 1 | C29: =C28+1 -> 45793 | D29: =CHOOSE(WEEKDAY(C29,2),'Não Apagar'!$C$3,'Não Apagar'!$C$4,'Não Apagar'!$C$5,'Não Apagar'!$C$6,'Não Apagar'!$C$7,'Não Apagar'!$C$8,'Não Apagar'!$C$9) -> Sexta-feira | I29: =((H29-E29)-(G29-F29))*24 -> 0 | J29: =MAX(0,MIN(I29,'Não Apagar'!$J$3)) -> 0 | K29: =MAX(0,I29-'Não Apagar'!$J$3) -> 0 | L29: =L28+K29 -> 0 | P29: 1
A30: 1 | C30: =C29+1 -> 45794 | D30: =CHOOSE(WEEKDAY(C30,2),'Não Apagar'!$C$3,'Não Apagar'!$C$4,'Não Apagar'!$C$5,'Não Apagar'!$C$6,'Não Apagar'!$C$7,'Não Apagar'!$C$8,'Não Apagar'!$C$9) -> Sábado | P30: 1
A31: 1 | C31: =C30+1 -> 45795 | D31: =CHOOSE(WEEKDAY(C31,2),'Não Apagar'!$C$3,'Não Apagar'!$C$4,'Não Apagar'!$C$5,'Não Apagar'!$C$6,'Não Apagar'!$C$7,'Não Apagar'!$C$8,'Não Apagar'!$C$9) -> Domingo | P31: 1
A32: 1 | C32: =C31+1 -> 45796 | D32: =CHOOSE(WEEKDAY(C32,2),'Não Apagar'!$C$3,'Não Apagar'!$C$4,'Não Apagar'!$C$5,'Não Apagar'!$C$6,'Não Apagar'!$C$7,'Não Apagar'!$C$8,'Não Apagar'!$C$9) -> Segunda-feira | I32: =((H32-E32)-(G32-F32))*24 -> 0 | J32: =MAX(0,MIN(I32,'Não Apagar'!$J$3)) -> 0 | K32: =MAX(0,I32-'Não Apagar'!$J$3) -> 0 | L32: =L29+K32 -> 0 | P32: 1
A33: 1 | C33: =C32+1 -> 45797 | D33: =CHOOSE(WEEKDAY(C33,2),'Não Apagar'!$C$3,'Não Apagar'!$C$4,'Não Apagar'!$C$5,'Não Apagar'!$C$6,'Não Apagar'!$C$7,'Não Apagar'!$C$8,'Não Apagar'!$C$9) -> Terça-feira | I33: =((H33-E33)-(G33-F33))*24 -> 0 | J33: =MAX(0,MIN(I33,'Não Apagar'!$J$3)) -> 0 | K33: =MAX(0,I33-'Não Apagar'!$J$3) -> 0 | L33: =L32+K33 -> 0 | P33: 1
A34: 1 | C34: =C33+1 -> 45798 | D34: =CHOOSE(WEEKDAY(C34,2),'Não Apagar'!$C$3,'Não Apagar'!$C$4,'Não Apagar'!$C$5,'Não Apagar'!$C$6,'Não Apagar'!$C$7,'Não Apagar'!$C$8,'Não Apagar'!$C$9) -> Quarta-feira | I34: =((H34-E34)-(G34-F34))*24 -> 0 | J34: =MAX(0,MIN(I34,'Não Apagar'!$J$3)) -> 0 | K34: =MAX(0,I34-'Não Apagar'!$J$3) -> 0 | L34: =L33+K34 -> 0 | P34: 1
A35: 1 | C35: =C34+1 -> 45799 | D35: =CHOOSE(WEEKDAY(C35,2),'Não Apagar'!$C$3,'Não Apagar'!$C$4,'Não Apagar'!$C$5,'Não Apagar'!$C$6,'Não Apagar'!$C$7,'Não Apagar'!$C$8,'Não Apagar'!$C$9) -> Segunda-feira | I35: =((H35-E35)-(G35-F35))*24 -> 0 | J35: =MAX(0,MIN(I35,'Não Apagar'!$J$3)) -> 0 | K35: =MAX(0,I35-'Não Apagar'!$J$3) -> 0 | L35: =L34+K35 -> 0 | P35: 1
A36: 1 | C36: =C35+1 -> 45800 | D36: =CHOOSE(WEEKDAY(C36,2),'Não Apagar'!$C$3,'Não Apagar'!$C$4,'Não Apagar'!$C$5,'Não Apagar'!$C$6,'Não Apagar'!$C$7,'Não Apagar'!$C$8,'Não Apagar'!$C$9) -> Sexta-feira | I36: =((H36-E36)-(G36-F36))*24 -> 0 | J36: =MAX(0,MIN(I36,'Não Apagar'!$J$3)) -> 0 | K36: =MAX(0,I36-'Não Apagar'!$J$3) -> 0 | L36: =L35+K36 -> 0 | P36: 1
A37: 1 | C37: =C36+1 -> 45801 | D37: =CHOOSE(WEEKDAY(C37,2),'Não Apagar'!$C$3,'Não Apagar'!$C$4,'Não Apagar'!$C$5,'Não Apagar'!$C$6,'Não Apagar'!$C$7,'Não Apagar'!$C$8,'Não Apagar'!$C$9) -> Sábado | P37: 1
A38: 1 | C38: =C37+1 -> 45802 | D38: =CHOOSE(WEEKDAY(C38,2),'Não Apagar'!$C$3,'Não Apagar'!$C$4,'Não Apagar'!$C$5,'Não Apagar'!$C$6,'Não Apagar'!$C$7,'Não Apagar'!$C$8,'Não Apagar'!$C$9) -> Domingo | P38: 1
A39: 1 | C39: =C38+1 -> 45803 | D39: =CHOOSE(WEEKDAY(C39,2),'Não Apagar'!$C$3,'Não Apagar'!$C$4,'Não Apagar'!$C$5,'Não Apagar'!$C$6,'Não Apagar'!$C$7,'Não Apagar'!$C$8,'Não Apagar'!$C$9) -> Segunda-feira | I39: =((H39-E39)-(G39-F39))*24 -> 0 | J39: =MAX(0,MIN(I39,'Não Apagar'!$J$3)) -> 0 | K39: =MAX(0,I39-'Não Apagar'!$J$3) -> 0 | L39: =L36+K39 -> 0 | P39: 1
A40: 1 | C40: =C39+1 -> 45804 | D40: =CHOOSE(WEEKDAY(C40,2),'Não Apagar'!$C$3,'Não Apagar'!$C$4,'Não Apagar'!$C$5,'Não Apagar'!$C$6,'Não Apagar'!$C$7,'Não Apagar'!$C$8,'Não Apagar'!$C$9) -> Terça-feira | I40: =((H40-E40)-(G40-F40))*24 -> 0 | J40: =MAX(0,MIN(I40,'Não Apagar'!$J$3)) -> 0 | K40: =MAX(0,I40-'Não Apagar'!$J$3) -> 0 | L40: =L39+K40 -> 0 | P40: 1
A41: 1 | C41: =C40+1 -> 45805 | D41: =CHOOSE(WEEKDAY(C41,2),'Não Apagar'!$C$3,'Não Apagar'!$C$4,'Não Apagar'!$C$5,'Não Apagar'!$C$6,'Não Apagar'!$C$7,'Não Apagar'!$C$8,'Não Apagar'!$C$9) -> Quarta-feira | I41: =((H41-E41)-(G41-F41))*24 -> 0 | J41: =MAX(0,MIN(I41,'Não Apagar'!$J$3)) -> 0 | K41: =MAX(0,I41-'Não Apagar'!$J$3) -> 0 | L41: =L40+K41 -> 0 | P41: 1
A42: 1 | C42: =C41+1 -> 45806 | D42: =CHOOSE(WEEKDAY(C42,2),'Não Apagar'!$C$3,'Não Apagar'!$C$4,'Não Apagar'!$C$5,'Não Apagar'!$C$6,'Não Apagar'!$C$7,'Não Apagar'!$C$8,'Não Apagar'!$C$9) -> Segunda-feira | I42: =((H42-E42)-(G42-F42))*24 -> 0 | J42: =MAX(0,MIN(I42,'Não Apagar'!$J$3)) -> 0 | K42: =MAX(0,I42-'Não Apagar'!$J$3) -> 0 | L42: =L41+K42 -> 0 | P42: 1
A43: 1 | C43: =C42+1 -> 45807 | D43: =CHOOSE(WEEKDAY(C43,2),'Não Apagar'!$C$3,'Não Apagar'!$C$4,'Não Apagar'!$C$5,'Não Apagar'!$C$6,'Não Apagar'!$C$7,'Não Apagar'!$C$8,'Não Apagar'!$C$9) -> Sexta-feira | I43: =((H43-E43)-(G43-F43))*24 -> 0 | J43: =MAX(0,MIN(I43,'Não Apagar'!$J$3)) -> 0 | K43: =MAX(0,I43-'Não Apagar'!$J$3) -> 0 | L43: =L42+K43 -> 0 | P43: 1
A44: 1 | C44: =C43+1 -> 45808 | D44: =CHOOSE(WEEKDAY(C44,2),'Não Apagar'!$C$3,'Não Apagar'!$C$4,'Não Apagar'!$C$5,'Não Apagar'!$C$6,'Não Apagar'!$C$7,'Não Apagar'!$C$8,'Não Apagar'!$C$9) -> Sábado | P44: 1
A45: 1 | P45: 1
A46: 1 | J46: Saldo Banco de Horas | L46: =IFERROR(INDEX(L14:L43,MATCH(9^9,H14:H43)),Abr.25!L46) -> 0 | P46: 1
A53: 1 | P53: 1
A54: 1 | C54: =TODAY() -> 46037 | P54: 1
A55: 1 | P55: 1
A56: 1 | P56: 1
A57: 1 | P57: 1
A58: 1 | P58: 1
A59: 1 | P59: 1
A60: 1 | P60: 1
A61: 1 | P61: 1
A62: 1 | B62: 1 | C62: 1 | D62: 1 | E62: 1 | F62: 1 | G62: 1 | H62: 1 | I62: 1 | J62: 1 | K62: 1 | L62: 1 | M62: 1 | N62: 1 | O62: 1 | P62: 1

Sheet Jun.25
A1: 1 | B1: 1 | C1: 1 | D1: 1 | E1: 1 | F1: 1 | G1: 1 | H1: 1 | I1: 1 | J1: 1 | K1: 1 | L1: 1 | M1: 1 | N1: 1 | O1: 1 | P1: 1
C3: Bluzz Saúde Ltda.
A4: 1 | C4: CNPJ | D4: 54.557.861/0001-02 | P4: 1
A5: 1 | C5: Colaborador | P5: 1
A6: 1 | C6: Mês Competência | D6: Jun.25 | P6: 1
A7: 1 | P7: 1
A8: 1 | P8: 1
A9: 1 | P9: 1
A10: 1 | P10: 1
A11: 1 | C11: CONTROLE DE PONTO | P11: 1
A12: 1 | C12: Data | D12: Dia da semana | E12: Entrada | F12: Saída Almoço | G12: Retorno Almoço | H12: Saída | I12: Horas Trabalhadas | J12: Horas Normais | K12: Horas Extras | L12: Banco de Horas | P12: 1
A13: 1 | C13: 45809 | D13: =CHOOSE(WEEKDAY(C13,2),'Não Apagar'!$C$3,'Não Apagar'!$C$4,'Não Apagar'!$C$5,'Não Apagar'!$C$6,'Não Apagar'!$C$7,'Não Apagar'!$C$8,'Não Apagar'!$C$9) -> Domingo | P13: 1
A14: 1 | C14: =C13+1 -> 45810 | D14: =CHOOSE(WEEKDAY(C14,2),'Não Apagar'!$C$3,'Não Apagar'!$C$4,'Não Apagar'!$C$5,'Não Apagar'!$C$6,'Não Apagar'!$C$7,'Não Apagar'!$C$8,'Não Apagar'!$C$9) -> Segunda-feira | E14: 0 | F14: 0 | G14: 0 | H14: 0 | I14: =((H14-E14)-(G14-F14))*24 -> 0 | J14: =MAX(0,MIN(I14,'Não Apagar'!$J$3)) -> 0 | K14: =MAX(0,I14-'Não Apagar'!$J$3) -> 0 | L14: =K14+Mai.25!L46 -> 0 | P14: 1
A15: 1 | C15: =C14+1 -> 45811 | D15: =CHOOSE(WEEKDAY(C15,2),'Não Apagar'!$C$3,'Não Apagar'!$C$4,'Não Apagar'!$C$5,'Não Apagar'!$C$6,'Não Apagar'!$C$7,'Não Apagar'!$C$8,'Não Apagar'!$C$9) -> Terça-feira | E15: 0 | F15: 0 | G15: 0 | H15: 0 | I15: =((H15-E15)-(G15-F15))*24 -> 0 | J15: =MAX(0,MIN(I15,'Não Apagar'!$J$3)) -> 0 | K15: =MAX(0,I15-'Não Apagar'!$J$3) -> 0 | L15: =L14+K15 -> 0 | P15: 1
A16: 1 | C16: =C15+1 -> 45812 | D16: =CHOOSE(WEEKDAY(C16,2),'Não Apagar'!$C$3,'Não Apagar'!$C$4,'Não Apagar'!$C$5,'Não Apagar'!$C$6,'Não Apagar'!$C$7,'Não Apagar'!$C$8,'Não Apagar'!$C$9) -> Quarta-feira | E16: 0 | F16: 0 | G16: 0 | H16: 0 | I16: =((H16-E16)-(G16-F16))*24 -> 0 | J16: =MAX(0,MIN(I16,'Não Apagar'!$J$3)) -> 0 | K16: =MAX(0,I16-'Não Apagar'!$J$3) -> 0 | L16: =L15+K16 -> 0 | P16: 1
A17: 1 | C17: =C16+1 -> 45813 | D17: =CHOOSE(WEEKDAY(C17,2),'Não Apagar'!$C$3,'Não Apagar'!$C$4,'Não Apagar'!$C$5,'Não Apagar'!$C$6,'Não Apagar'!$C$7,'Não Apagar'!$C$8,'Não Apagar'!$C$9) -> Segunda-feira | E17: 0 | F17: 0 | G17: 0 | H17: 0 | I17: =((H17-E17)-(G17-F17))*24 -> 0 | J17: =MAX(0,MIN(I17,'Não Apagar'!$J$3)) -> 0 | K17: =MAX(0,I17-'Não Apagar'!$J$3) -> 0 | L17: =L16+K17 -> 0 | P17: 1
A18: 1 | C18: =C17+1 -> 45814 | D18: =CHOOSE(WEEKDAY(C18,2),'Não Apagar'!$C$3,'Não Apagar'!$C$4,'Não Apagar'!$C$5,'Não Apagar'!$C$6,'Não Apagar'!$C$7,'Não Apagar'!$C$8,'Não Apagar'!$C$9) -> Sexta-feira | E18: 0 | F18: 0 | G18: 0 | H18: 0 | I18: =((H18-E18)-(G18-F18))*24 -> 0 | J18: =MAX(0,MIN(I18,'Não Apagar'!$J$3)) -> 0 | K18: =MAX(0,I18-'Não Apagar'!$J$3) -> 0 | L18: =L17+K18 -> 0 | P18: 1
A19: 1 | C19: =C18+1 -> 45815 | D19: =CHOOSE(WEEKDAY(C19,2),'Não Apagar'!$C$3,'Não Apagar'!$C$4,'Não Apagar'!$C$5,'Não Apagar'!$C$6,'Não Apagar'!$C$7,'Não Apagar'!$C$8,'Não Apagar'!$C$9) -> Sábado | P19: 1
A20: 1 | C20: =C19+1 -> 45816 | D20: =CHOOSE(WEEKDAY(C20,2),'Não Apagar'!$C$3,'Não Apagar'!$C$4,'Não Apagar'!$C$5,'Não Apagar'!$C$6,'Não Apagar'!$C$7,'Não Apagar'!$C$8,'Não Apagar'!$C$9) -> Domingo | P20: 1
A21: 1 | C21: =C20+1 -> 45817 | D21: =CHOOSE(WEEKDAY(C21,2),'Não Apagar'!$C$3,'Não Apagar'!$C$4,'Não Apagar'!$C$5,'Não Apagar'!$C$6,'Não Apagar'!$C$7,'Não Apagar'!$C$8,'Não Apagar'!$C$9) -> Segunda-feira | E21: 0 | F21: 0 | G21: 0 | H21: 0 | I21: =((H21-E21)-(G21-F21))*24 -> 0 | J21: =MAX(0,MIN(I21,'Não Apagar'!$J$3)) -> 0 | K21: =MAX(0,I21-'Não Apagar'!$J$3) -> 0 | L21: =L18+K21 -> 0 | P21: 1
A22: 1 | C22: =C21+1 -> 45818 | D22: =CHOOSE(WEEKDAY(C22,2),'Não Apagar'!$C$3,'Não Apagar'!$C$4,'Não Apagar'!$C$5,'Não Apagar'!$C$6,'Não Apagar'!$C$7,'Não Apagar'!$C$8,'Não Apagar'!$C$9) -> Terça-feira | E22: 0 | F22: 0 | G22: 0 | H22: 0 | I22: =((H22-E22)-(G22-F22))*24 -> 0 | J22: =MAX(0,MIN(I22,'Não Apagar'!$J$3)) -> 0 | K22: =MAX(0,I22-'Não Apagar'!$J$3) -> 0 | L22: =L21+K22 -> 0 | P22: 1
A23: 1 | C23: =C22+1 -> 45819 | D23: =CHOOSE(WEEKDAY(C23,2),'Não Apagar'!$C$3,'Não Apagar'!$C$4,'Não Apagar'!$C$5,'Não Apagar'!$C$6,'Não Apagar'!$C$7,'Não Apagar'!$C$8,'Não Apagar'!$C$9) -> Quarta-feira | E23: 0 | F23: 0 | G23: 0 | H23: 0 | I23: =((H23-E23)-(G23-F23))*24 -> 0 | J23: =MAX(0,MIN(I23,'Não Apagar'!$J$3)) -> 0 | K23: =MAX(0,I23-'Não Apagar'!$J$3) -> 0 | L23: =L22+K23 -> 0 | P23: 1
A24: 1 | C24: =C23+1 -> 45820 | D24: =CHOOSE(WEEKDAY(C24,2),'Não Apagar'!$C$3,'Não Apagar'!$C$4,'Não Apagar'!$C$5,'Não Apagar'!$C$6,'Não Apagar'!$C$7,'Não Apagar'!$C$8,'Não Apagar'!$C$9) -> Segunda-feira | E24: 0 | F24: 0 | G24: 0 | H24: 0 | I24: =((H24-E24)-(G24-F24))*24 -> 0 | J24: =MAX(0,MIN(I24,'Não Apagar'!$J$3)) -> 0 | K24: =MAX(0,I24-'Não Apagar'!$J$3) -> 0 | L24: =L23+K24 -> 0 | P24: 1
A25: 1 | C25: =C24+1 -> 45821 | D25: =CHOOSE(WEEKDAY(C25,2),'Não Apagar'!$C$3,'Não Apagar'!$C$4,'Não Apagar'!$C$5,'Não Apagar'!$C$6,'Não Apagar'!$C$7,'Não Apagar'!$C$8,'Não Apagar'!$C$9) -> Sexta-feira | E25: 0 | F25: 0 | G25: 0 | H25: 0 | I25: =((H25-E25)-(G25-F25))*24 -> 0 | J25: =MAX(0,MIN(I25,'Não Apagar'!$J$3)) -> 0 | K25: =MAX(0,I25-'Não Apagar'!$J$3) -> 0 | L25: =L24+K25 -> 0 | P25: 1
A26: 1 | C26: =C25+1 -> 45822 | D26: =CHOOSE(WEEKDAY(C26,2),'Não Apagar'!$C$3,'Não Apagar'!$C$4,'Não Apagar'!$C$5,'Não Apagar'!$C$6,'Não Apagar'!$C$7,'Não Apagar'!$C$8,'Não Apagar'!$C$9) -> Sábado | P26: 1
A27: 1 | C27: =C26+1 -> 45823 | D27: =CHOOSE(WEEKDAY(C27,2),'Não Apagar'!$C$3,'Não Apagar'!$C$4,'Não Apagar'!$C$5,'Não Apagar'!$C$6,'Não Apagar'!$C$7,'Não Apagar'!$C$8,'Não Apagar'!$C$9) -> Domingo | P27: 1
A28: 1 | C28: =C27+1 -> 45824 | D28: =CHOOSE(WEEKDAY(C28,2),'Não Apagar'!$C$3,'Não Apagar'!$C$4,'Não Apagar'!$C$5,'Não Apagar'!$C$6,'Não Apagar'!$C$7,'Não Apagar'!$C$8,'Não Apagar'!$C$9) -> Segunda-feira | I28: =((H28-E28)-(G28-F28))*24 -> 0 | J28: =MAX(0,MIN(I28,'Não Apagar'!$J$3)) -> 0 | K28: =MAX(0,I28-'Não Apagar'!$J$3) -> 0 | L28: =L25+K28 -> 0 | P28: 1
A29: 1 | C29: =C28+1 -> 45825 | D29: =CHOOSE(WEEKDAY(C29,2),'Não Apagar'!$C$3,'Não Apagar'!$C$4,'Não Apagar'!$C$5,'Não Apagar'!$C$6,'Não Apagar'!$C$7,'Não Apagar'!$C$8,'Não Apagar'!$C$9) -> Terça-feira | I29: =((H29-E29)-(G29-F29))*24 -> 0 | J29: =MAX(0,MIN(I29,'Não Apagar'!$J$3)) -> 0 | K29: =MAX(0,I29-'Não Apagar'!$J$3) -> 0 | L29: =L28+K29 -> 0 | P29: 1
A30: 1 | C30: =C29+1 -> 45826 | D30: =CHOOSE(WEEKDAY(C30,2),'Não Apagar'!$C$3,'Não Apagar'!$C$4,'Não Apagar'!$C$5,'Não Apagar'!$C$6,'Não Apagar'!$C$7,'Não Apagar'!$C$8,'Não Apagar'!$C$9) -> Quarta-feira | I30: =((H30-E30)-(G30-F30))*24 -> 0 | J30: =MAX(0,MIN(I30,'Não Apagar'!$J$3)) -> 0 | K30: =MAX(0,I30-'Não Apagar'!$J$3) -> 0 | L30: =L29+K30 -> 0 | P30: 1
A31: 1 | C31: =C30+1 -> 45827 | D31: =CHOOSE(WEEKDAY(C31,2),'Não Apagar'!$C$3,'Não Apagar'!$C$4,'Não Apagar'!$C$5,'Não Apagar'!$C$6,'Não Apagar'!$C$7,'Não Apagar'!$C$8,'Não Apagar'!$C$9) -> Segunda-feira | I31: =((H31-E31)-(G31-F31))*24 -> 0 | J31: =MAX(0,MIN(I31,'Não Apagar'!$J$3)) -> 0 | K31: =MAX(0,I31-'Não Apagar'!$J$3) -> 0 | L31: =L30+K31 -> 0 | P31: 1
A32: 1 | C32: =C31+1 -> 45828 | D32: =CHOOSE(WEEKDAY(C32,2),'Não Apagar'!$C$3,'Não Apagar'!$C$4,'Não Apagar'!$C$5,'Não Apagar'!$C$6,'Não Apagar'!$C$7,'Não Apagar'!$C$8,'Não Apagar'!$C$9) -> Sexta-feira | E32: 0 | F32: 0 | G32: 0.53472222 | H32: 0.74652778 | I32: =((H32-E32)-(G32-F32))*24 -> 5.0833333 | J32: =MAX(0,MIN(I32,'Não Apagar'!$J$3)) -> 5.0833333 | K32: =MAX(0,I32-'Não Apagar'!$J$3) -> 0 | L32: =L31+K32 -> 0 | P32: 1
A33: 1 | C33: =C32+1 -> 45829 | D33: =CHOOSE(WEEKDAY(C33,2),'Não Apagar'!$C$3,'Não Apagar'!$C$4,'Não Apagar'!$C$5,'Não Apagar'!$C$6,'Não Apagar'!$C$7,'Não Apagar'!$C$8,'Não Apagar'!$C$9) -> Sábado | P33: 1
A34: 1 | C34: =C33+1 -> 45830 | D34: =CHOOSE(WEEKDAY(C34,2),'Não Apagar'!$C$3,'Não Apagar'!$C$4,'Não Apagar'!$C$5,'Não Apagar'!$C$6,'Não Apagar'!$C$7,'Não Apagar'!$C$8,'Não Apagar'!$C$9) -> Domingo | P34: 1
A35: 1 | C35: =C34+1 -> 45831 | D35: =CHOOSE(WEEKDAY(C35,2),'Não Apagar'!$C$3,'Não Apagar'!$C$4,'Não Apagar'!$C$5,'Não Apagar'!$C$6,'Não Apagar'!$C$7,'Não Apagar'!$C$8,'Não Apagar'!$C$9) -> Segunda-feira | I35: =((H35-E35)-(G35-F35))*24 -> 0 | J35: =MAX(0,MIN(I35,'Não Apagar'!$J$3)) -> 0 | K35: =MAX(0,I35-'Não Apagar'!$J$3) -> 0 | L35: =L32+K35 -> 0 | P35: 1
A36: 1 | C36: =C35+1 -> 45832 | D36: =CHOOSE(WEEKDAY(C36,2),'Não Apagar'!$C$3,'Não Apagar'!$C$4,'Não Apagar'!$C$5,'Não Apagar'!$C$6,'Não Apagar'!$C$7,'Não Apagar'!$C$8,'Não Apagar'!$C$9) -> Terça-feira | I36: =((H36-E36)-(G36-F36))*24 -> 0 | J36: =MAX(0,MIN(I36,'Não Apagar'!$J$3)) -> 0 | K36: =MAX(0,I36-'Não Apagar'!$J$3) -> 0 | L36: =L35+K36 -> 0 | P36: 1
A37: 1 | C37: =C36+1 -> 45833 | D37: =CHOOSE(WEEKDAY(C37,2),'Não Apagar'!$C$3,'Não Apagar'!$C$4,'Não Apagar'!$C$5,'Não Apagar'!$C$6,'Não Apagar'!$C$7,'Não Apagar'!$C$8,'Não Apagar'!$C$9) -> Quarta-feira | I37: =((H37-E37)-(G37-F37))*24 -> 0 | J37: =MAX(0,MIN(I37,'Não Apagar'!$J$3)) -> 0 | K37: =MAX(0,I37-'Não Apagar'!$J$3) -> 0 | L37: =L36+K37 -> 0 | P37: 1
A38: 1 | C38: =C37+1 -> 45834 | D38: =CHOOSE(WEEKDAY(C38,2),'Não Apagar'!$C$3,'Não Apagar'!$C$4,'Não Apagar'!$C$5,'Não Apagar'!$C$6,'Não Apagar'!$C$7,'Não Apagar'!$C$8,'Não Apagar'!$C$9) -> Segunda-feira | I38: =((H38-E38)-(G38-F38))*24 -> 0 | J38: =MAX(0,MIN(I38,'Não Apagar'!$J$3)) -> 0 | K38: =MAX(0,I38-'Não Apagar'!$J$3) -> 0 | L38: =L37+K38 -> 0 | P38: 1
A39: 1 | C39: =C38+1 -> 45835 | D39: =CHOOSE(WEEKDAY(C39,2),'Não Apagar'!$C$3,'Não Apagar'!$C$4,'Não Apagar'!$C$5,'Não Apagar'!$C$6,'Não Apagar'!$C$7,'Não Apagar'!$C$8,'Não Apagar'!$C$9) -> Sexta-feira | I39: =((H39-E39)-(G39-F39))*24 -> 0 | J39: =MAX(0,MIN(I39,'Não Apagar'!$J$3)) -> 0 | K39: =MAX(0,I39-'Não Apagar'!$J$3) -> 0 | L39: =L38+K39 -> 0 | P39: 1
A40: 1 | C40: =C39+1 -> 45836 | D40: =CHOOSE(WEEKDAY(C40,2),'Não Apagar'!$C$3,'Não Apagar'!$C$4,'Não Apagar'!$C$5,'Não Apagar'!$C$6,'Não Apagar'!$C$7,'Não Apagar'!$C$8,'Não Apagar'!$C$9) -> Sábado | P40: 1
A41: 1 | C41: =C40+1 -> 45837 | D41: =CHOOSE(WEEKDAY(C41,2),'Não Apagar'!$C$3,'Não Apagar'!$C$4,'Não Apagar'!$C$5,'Não Apagar'!$C$6,'Não Apagar'!$C$7,'Não Apagar'!$C$8,'Não Apagar'!$C$9) -> Domingo | P41: 1
A42: 1 | C42: =C41+1 -> 45838 | D42: =CHOOSE(WEEKDAY(C42,2),'Não Apagar'!$C$3,'Não Apagar'!$C$4,'Não Apagar'!$C$5,'Não Apagar'!$C$6,'Não Apagar'!$C$7,'Não Apagar'!$C$8,'Não Apagar'!$C$9) -> Segunda-feira | I42: =((H42-E42)-(G42-F42))*24 -> 0 | J42: =MAX(0,MIN(I42,'Não Apagar'!$J$3)) -> 0 | K42: =MAX(0,I42-'Não Apagar'!$J$3) -> 0 | L42: =L39+K42 -> 0 | P42: 1
A43: 1 | P43: 1
A44: 1 | P44: 1
A45: 1 | J45: Saldo Banco de Horas | L45: =IFERROR(INDEX(L13:L42,MATCH(9^9,H13:H42)),Mai.25!L46) -> 0 | P45: 1
A52: 1 | P52: 1
A53: 1 | C53: =TODAY() -> 46037 | P53: 1
A54: 1 | P54: 1
A55: 1 | P55: 1
A56: 1 | P56: 1
A57: 1 | P57: 1
A58: 1 | P58: 1
A59: 1 | P59: 1
A60: 1 | P60: 1
A61: 1 | B61: 1 | C61: 1 | D61: 1 | E61: 1 | F61: 1 | G61: 1 | H61: 1 | I61: 1 | J61: 1 | K61: 1 | L61: 1 | M61: 1 | N61: 1 | O61: 1 | P61: 1

Sheet Jul.25
A1: 1 | B1: 1 | C1: 1 | D1: 1 | E1: 1 | F1: 1 | G1: 1 | H1: 1 | I1: 1 | J1: 1 | K1: 1 | L1: 1 | M1: 1 | N1: 1 | O1: 1 | P1: 1
C3: Bluzz Saúde Ltda.
A4: 1 | C4: CNPJ | D4: 54.557.861/0001-02 | P4: 1
A5: 1 | C5: Colaborador | P5: 1
A6: 1 | C6: Mês Competência | D6: Jul.25 | P6: 1
A7: 1 | P7: 1
A8: 1 | P8: 1
A9: 1 | P9: 1
A10: 1 | P10: 1
A11: 1 | C11: CONTROLE DE PONTO | P11: 1
A12: 1 | C12: Data | D12: Dia da semana | E12: Entrada | F12: Saída Almoço | G12: Retorno Almoço | H12: Saída | I12: Horas Trabalhadas | J12: Horas Normais | K12: Horas Extras | L12: Banco de Horas | P12: 1
A13: 1 | C13: =Jun.25!C42 -> 45838 | D13: =Jun.25!D42 -> Segunda-feira | P13: 1
A14: 1 | C14: 45839 | D14: =CHOOSE(WEEKDAY(C14,2),'Não Apagar'!$C$3,'Não Apagar'!$C$4,'Não Apagar'!$C$5,'Não Apagar'!$C$6,'Não Apagar'!$C$7,'Não Apagar'!$C$8,'Não Apagar'!$C$9) -> Terça-feira | I14: =((H14-E14)-(G14-F14))*24 -> 0 | J14: =MAX(0,MIN(I14,'Não Apagar'!$J$3)) -> 0 | K14: =MAX(0,I14-'Não Apagar'!$J$3) -> 0 | L14: =K14+Jun.25!L45 -> 0 | P14: 1
A15: 1 | C15: =C14+1 -> 45840 | D15: =CHOOSE(WEEKDAY(C15,2),'Não Apagar'!$C$3,'Não Apagar'!$C$4,'Não Apagar'!$C$5,'Não Apagar'!$C$6,'Não Apagar'!$C$7,'Não Apagar'!$C$8,'Não Apagar'!$C$9) -> Quarta-feira | I15: =((H15-E15)-(G15-F15))*24 -> 0 | J15: =MAX(0,MIN(I15,'Não Apagar'!$J$3)) -> 0 | K15: =MAX(0,I15-'Não Apagar'!$J$3) -> 0 | L15: =L14+K15 -> 0 | P15: 1
A16: 1 | C16: =C15+1 -> 45841 | D16: =CHOOSE(WEEKDAY(C16,2),'Não Apagar'!$C$3,'Não Apagar'!$C$4,'Não Apagar'!$C$5,'Não Apagar'!$C$6,'Não Apagar'!$C$7,'Não Apagar'!$C$8,'Não Apagar'!$C$9) -> Segunda-feira | I16: =((H16-E16)-(G16-F16))*24 -> 0 | J16: =MAX(0,MIN(I16,'Não Apagar'!$J$3)) -> 0 | K16: =MAX(0,I16-'Não Apagar'!$J$3) -> 0 | L16: =L15+K16 -> 0 | P16: 1
A17: 1 | C17: =C16+1 -> 45842 | D17: =CHOOSE(WEEKDAY(C17,2),'Não Apagar'!$C$3,'Não Apagar'!$C$4,'Não Apagar'!$C$5,'Não Apagar'!$C$6,'Não Apagar'!$C$7,'Não Apagar'!$C$8,'Não Apagar'!$C$9) -> Sexta-feira | I17: =((H17-E17)-(G17-F17))*24 -> 0 | J17: =MAX(0,MIN(I17,'Não Apagar'!$J$3)) -> 0 | K17: =MAX(0,I17-'Não Apagar'!$J$3) -> 0 | L17: =L16+K17 -> 0 | P17: 1
A18: 1 | C18: =C17+1 -> 45843 | D18: =CHOOSE(WEEKDAY(C18,2),'Não Apagar'!$C$3,'Não Apagar'!$C$4,'Não Apagar'!$C$5,'Não Apagar'!$C$6,'Não Apagar'!$C$7,'Não Apagar'!$C$8,'Não Apagar'!$C$9) -> Sábado | P18: 1
A19: 1 | C19: =C18+1 -> 45844 | D19: =CHOOSE(WEEKDAY(C19,2),'Não Apagar'!$C$3,'Não Apagar'!$C$4,'Não Apagar'!$C$5,'Não Apagar'!$C$6,'Não Apagar'!$C$7,'Não Apagar'!$C$8,'Não Apagar'!$C$9) -> Domingo | P19: 1
A20: 1 | C20: =C19+1 -> 45845 | D20: =CHOOSE(WEEKDAY(C20,2),'Não Apagar'!$C$3,'Não Apagar'!$C$4,'Não Apagar'!$C$5,'Não Apagar'!$C$6,'Não Apagar'!$C$7,'Não Apagar'!$C$8,'Não Apagar'!$C$9) -> Segunda-feira | I20: =((H20-E20)-(G20-F20))*24 -> 0 | J20: =MAX(0,MIN(I20,'Não Apagar'!$J$3)) -> 0 | K20: =MAX(0,I20-'Não Apagar'!$J$3) -> 0 | L20: =L17+K20 -> 0 | P20: 1
A21: 1 | C21: =C20+1 -> 45846 | D21: =CHOOSE(WEEKDAY(C21,2),'Não Apagar'!$C$3,'Não Apagar'!$C$4,'Não Apagar'!$C$5,'Não Apagar'!$C$6,'Não Apagar'!$C$7,'Não Apagar'!$C$8,'Não Apagar'!$C$9) -> Terça-feira | I21: =((H21-E21)-(G21-F21))*24 -> 0 | J21: =MAX(0,MIN(I21,'Não Apagar'!$J$3)) -> 0 | K21: =MAX(0,I21-'Não Apagar'!$J$3) -> 0 | L21: =L20+K21 -> 0 | P21: 1
A22: 1 | C22: =C21+1 -> 45847 | D22: =CHOOSE(WEEKDAY(C22,2),'Não Apagar'!$C$3,'Não Apagar'!$C$4,'Não Apagar'!$C$5,'Não Apagar'!$C$6,'Não Apagar'!$C$7,'Não Apagar'!$C$8,'Não Apagar'!$C$9) -> Quarta-feira | I22: =((H22-E22)-(G22-F22))*24 -> 0 | J22: =MAX(0,MIN(I22,'Não Apagar'!$J$3)) -> 0 | K22: =MAX(0,I22-'Não Apagar'!$J$3) -> 0 | L22: =L21+K22 -> 0 | P22: 1
A23: 1 | C23: =C22+1 -> 45848 | D23: =CHOOSE(WEEKDAY(C23,2),'Não Apagar'!$C$3,'Não Apagar'!$C$4,'Não Apagar'!$C$5,'Não Apagar'!$C$6,'Não Apagar'!$C$7,'Não Apagar'!$C$8,'Não Apagar'!$C$9) -> Segunda-feira | I23: =((H23-E23)-(G23-F23))*24 -> 0 | J23: =MAX(0,MIN(I23,'Não Apagar'!$J$3)) -> 0 | K23: =MAX(0,I23-'Não Apagar'!$J$3) -> 0 | L23: =L22+K23 -> 0 | P23: 1
A24: 1 | C24: =C23+1 -> 45849 | D24: =CHOOSE(WEEKDAY(C24,2),'Não Apagar'!$C$3,'Não Apagar'!$C$4,'Não Apagar'!$C$5,'Não Apagar'!$C$6,'Não Apagar'!$C$7,'Não Apagar'!$C$8,'Não Apagar'!$C$9) -> Sexta-feira | I24: =((H24-E24)-(G24-F24))*24 -> 0 | J24: =MAX(0,MIN(I24,'Não Apagar'!$J$3)) -> 0 | K24: =MAX(0,I24-'Não Apagar'!$J$3) -> 0 | L24: =L23+K24 -> 0 | P24: 1
A25: 1 | C25: =C24+1 -> 45850 | D25: =CHOOSE(WEEKDAY(C25,2),'Não Apagar'!$C$3,'Não Apagar'!$C$4,'Não Apagar'!$C$5,'Não Apagar'!$C$6,'Não Apagar'!$C$7,'Não Apagar'!$C$8,'Não Apagar'!$C$9) -> Sábado | P25: 1
A26: 1 | C26: =C25+1 -> 45851 | D26: =CHOOSE(WEEKDAY(C26,2),'Não Apagar'!$C$3,'Não Apagar'!$C$4,'Não Apagar'!$C$5,'Não Apagar'!$C$6,'Não Apagar'!$C$7,'Não Apagar'!$C$8,'Não Apagar'!$C$9) -> Domingo | P26: 1
A27: 1 | C27: =C26+1 -> 45852 | D27: =CHOOSE(WEEKDAY(C27,2),'Não Apagar'!$C$3,'Não Apagar'!$C$4,'Não Apagar'!$C$5,'Não Apagar'!$C$6,'Não Apagar'!$C$7,'Não Apagar'!$C$8,'Não Apagar'!$C$9) -> Segunda-feira | I27: =((H27-E27)-(G27-F27))*24 -> 0 | J27: =MAX(0,MIN(I27,'Não Apagar'!$J$3)) -> 0 | K27: =MAX(0,I27-'Não Apagar'!$J$3) -> 0 | L27: =L24+K27 -> 0 | P27: 1
A28: 1 | C28: =C27+1 -> 45853 | D28: =CHOOSE(WEEKDAY(C28,2),'Não Apagar'!$C$3,'Não Apagar'!$C$4,'Não Apagar'!$C$5,'Não Apagar'!$C$6,'Não Apagar'!$C$7,'Não Apagar'!$C$8,'Não Apagar'!$C$9) -> Terça-feira | I28: =((H28-E28)-(G28-F28))*24 -> 0 | J28: =MAX(0,MIN(I28,'Não Apagar'!$J$3)) -> 0 | K28: =MAX(0,I28-'Não Apagar'!$J$3) -> 0 | L28: =L27+K28 -> 0 | P28: 1
A29: 1 | C29: =C28+1 -> 45854 | D29: =CHOOSE(WEEKDAY(C29,2),'Não Apagar'!$C$3,'Não Apagar'!$C$4,'Não Apagar'!$C$5,'Não Apagar'!$C$6,'Não Apagar'!$C$7,'Não Apagar'!$C$8,'Não Apagar'!$C$9) -> Quarta-feira | I29: =((H29-E29)-(G29-F29))*24 -> 0 | J29: =MAX(0,MIN(I29,'Não Apagar'!$J$3)) -> 0 | K29: =MAX(0,I29-'Não Apagar'!$J$3) -> 0 | L29: =L28+K29 -> 0 | P29: 1
A30: 1 | C30: =C29+1 -> 45855 | D30: =CHOOSE(WEEKDAY(C30,2),'Não Apagar'!$C$3,'Não Apagar'!$C$4,'Não Apagar'!$C$5,'Não Apagar'!$C$6,'Não Apagar'!$C$7,'Não Apagar'!$C$8,'Não Apagar'!$C$9) -> Segunda-feira | I30: =((H30-E30)-(G30-F30))*24 -> 0 | J30: =MAX(0,MIN(I30,'Não Apagar'!$J$3)) -> 0 | K30: =MAX(0,I30-'Não Apagar'!$J$3) -> 0 | L30: =L29+K30 -> 0 | P30: 1
A31: 1 | C31: =C30+1 -> 45856 | D31: =CHOOSE(WEEKDAY(C31,2),'Não Apagar'!$C$3,'Não Apagar'!$C$4,'Não Apagar'!$C$5,'Não Apagar'!$C$6,'Não Apagar'!$C$7,'Não Apagar'!$C$8,'Não Apagar'!$C$9) -> Sexta-feira | I31: =((H31-E31)-(G31-F31))*24 -> 0 | J31: =MAX(0,MIN(I31,'Não Apagar'!$J$3)) -> 0 | K31: =MAX(0,I31-'Não Apagar'!$J$3) -> 0 | L31: =L30+K31 -> 0 | P31: 1
A32: 1 | C32: =C31+1 -> 45857 | D32: =CHOOSE(WEEKDAY(C32,2),'Não Apagar'!$C$3,'Não Apagar'!$C$4,'Não Apagar'!$C$5,'Não Apagar'!$C$6,'Não Apagar'!$C$7,'Não Apagar'!$C$8,'Não Apagar'!$C$9) -> Sábado | P32: 1
A33: 1 | C33: =C32+1 -> 45858 | D33: =CHOOSE(WEEKDAY(C33,2),'Não Apagar'!$C$3,'Não Apagar'!$C$4,'Não Apagar'!$C$5,'Não Apagar'!$C$6,'Não Apagar'!$C$7,'Não Apagar'!$C$8,'Não Apagar'!$C$9) -> Domingo | P33: 1
A34: 1 | C34: =C33+1 -> 45859 | D34: =CHOOSE(WEEKDAY(C34,2),'Não Apagar'!$C$3,'Não Apagar'!$C$4,'Não Apagar'!$C$5,'Não Apagar'!$C$6,'Não Apagar'!$C$7,'Não Apagar'!$C$8,'Não Apagar'!$C$9) -> Segunda-feira | I34: =((H34-E34)-(G34-F34))*24 -> 0 | J34: =MAX(0,MIN(I34,'Não Apagar'!$J$3)) -> 0 | K34: =MAX(0,I34-'Não Apagar'!$J$3) -> 0 | L34: =L31+K34 -> 0 | P34: 1
A35: 1 | C35: =C34+1 -> 45860 | D35: =CHOOSE(WEEKDAY(C35,2),'Não Apagar'!$C$3,'Não Apagar'!$C$4,'Não Apagar'!$C$5,'Não Apagar'!$C$6,'Não Apagar'!$C$7,'Não Apagar'!$C$8,'Não Apagar'!$C$9) -> Terça-feira | I35: =((H35-E35)-(G35-F35))*24 -> 0 | J35: =MAX(0,MIN(I35,'Não Apagar'!$J$3)) -> 0 | K35: =MAX(0,I35-'Não Apagar'!$J$3) -> 0 | L35: =L34+K35 -> 0 | P35: 1
A36: 1 | C36: =C35+1 -> 45861 | D36: =CHOOSE(WEEKDAY(C36,2),'Não Apagar'!$C$3,'Não Apagar'!$C$4,'Não Apagar'!$C$5,'Não Apagar'!$C$6,'Não Apagar'!$C$7,'Não Apagar'!$C$8,'Não Apagar'!$C$9) -> Quarta-feira | I36: =((H36-E36)-(G36-F36))*24 -> 0 | J36: =MAX(0,MIN(I36,'Não Apagar'!$J$3)) -> 0 | K36: =MAX(0,I36-'Não Apagar'!$J$3) -> 0 | L36: =L35+K36 -> 0 | P36: 1
A37: 1 | C37: =C36+1 -> 45862 | D37: =CHOOSE(WEEKDAY(C37,2),'Não Apagar'!$C$3,'Não Apagar'!$C$4,'Não Apagar'!$C$5,'Não Apagar'!$C$6,'Não Apagar'!$C$7,'Não Apagar'!$C$8,'Não Apagar'!$C$9) -> Segunda-feira | I37: =((H37-E37)-(G37-F37))*24 -> 0 | J37: =MAX(0,MIN(I37,'Não Apagar'!$J$3)) -> 0 | K37: =MAX(0,I37-'Não Apagar'!$J$3) -> 0 | L37: =L36+K37 -> 0 | P37: 1
A38: 1 | C38: =C37+1 -> 45863 | D38: =CHOOSE(WEEKDAY(C38,2),'Não Apagar'!$C$3,'Não Apagar'!$C$4,'Não Apagar'!$C$5,'Não Apagar'!$C$6,'Não Apagar'!$C$7,'Não Apagar'!$C$8,'Não Apagar'!$C$9) -> Sexta-feira | I38: =((H38-E38)-(G38-F38))*24 -> 0 | J38: =MAX(0,MIN(I38,'Não Apagar'!$J$3)) -> 0 | K38: =MAX(0,I38-'Não Apagar'!$J$3) -> 0 | L38: =L37+K38 -> 0 | P38: 1
A39: 1 | C39: =C38+1 -> 45864 | D39: =CHOOSE(WEEKDAY(C39,2),'Não Apagar'!$C$3,'Não Apagar'!$C$4,'Não Apagar'!$C$5,'Não Apagar'!$C$6,'Não Apagar'!$C$7,'Não Apagar'!$C$8,'Não Apagar'!$C$9) -> Sábado | P39: 1
A40: 1 | C40: =C39+1 -> 45865 | D40: =CHOOSE(WEEKDAY(C40,2),'Não Apagar'!$C$3,'Não Apagar'!$C$4,'Não Apagar'!$C$5,'Não Apagar'!$C$6,'Não Apagar'!$C$7,'Não Apagar'!$C$8,'Não Apagar'!$C$9) -> Domingo | P40: 1
A41: 1 | C41: =C40+1 -> 45866 | D41: =CHOOSE(WEEKDAY(C41,2),'Não Apagar'!$C$3,'Não Apagar'!$C$4,'Não Apagar'!$C$5,'Não Apagar'!$C$6,'Não Apagar'!$C$7,'Não Apagar'!$C$8,'Não Apagar'!$C$9) -> Segunda-feira | I41: =((H41-E41)-(G41-F41))*24 -> 0 | J41: =MAX(0,MIN(I41,'Não Apagar'!$J$3)) -> 0 | K41: =MAX(0,I41-'Não Apagar'!$J$3) -> 0 | L41: =L38+K41 -> 0 | P41: 1
A42: 1 | C42: =C41+1 -> 45867 | D42: =CHOOSE(WEEKDAY(C42,2),'Não Apagar'!$C$3,'Não Apagar'!$C$4,'Não Apagar'!$C$5,'Não Apagar'!$C$6,'Não Apagar'!$C$7,'Não Apagar'!$C$8,'Não Apagar'!$C$9) -> Terça-feira | I42: =((H42-E42)-(G42-F42))*24 -> 0 | J42: =MAX(0,MIN(I42,'Não Apagar'!$J$3)) -> 0 | K42: =MAX(0,I42-'Não Apagar'!$J$3) -> 0 | L42: =L41+K42 -> 0 | P42: 1
A43: 1 | C43: =C42+1 -> 45868 | D43: =CHOOSE(WEEKDAY(C43,2),'Não Apagar'!$C$3,'Não Apagar'!$C$4,'Não Apagar'!$C$5,'Não Apagar'!$C$6,'Não Apagar'!$C$7,'Não Apagar'!$C$8,'Não Apagar'!$C$9) -> Quarta-feira | I43: =((H43-E43)-(G43-F43))*24 -> 0 | J43: =MAX(0,MIN(I43,'Não Apagar'!$J$3)) -> 0 | K43: =MAX(0,I43-'Não Apagar'!$J$3) -> 0 | L43: =L42+K43 -> 0 | P43: 1
A44: 1 | C44: =C43+1 -> 45869 | D44: =CHOOSE(WEEKDAY(C44,2),'Não Apagar'!$C$3,'Não Apagar'!$C$4,'Não Apagar'!$C$5,'Não Apagar'!$C$6,'Não Apagar'!$C$7,'Não Apagar'!$C$8,'Não Apagar'!$C$9) -> Segunda-feira | I44: =((H44-E44)-(G44-F44))*24 -> 0 | J44: =MAX(0,MIN(I44,'Não Apagar'!$J$3)) -> 0 | K44: =MAX(0,I44-'Não Apagar'!$J$3) -> 0 | L44: =L43+K44 -> 0 | P44: 1
A45: 1 | P45: 1
A46: 1 | J46: Saldo Banco de Horas | L46: =IFERROR(INDEX(L14:L44,MATCH(9^9,H14:H43)),Jun.25!L45) -> 0 | P46: 1
A53: 1 | P53: 1
A54: 1 | C54: =TODAY() -> 46037 | P54: 1
A55: 1 | P55: 1
A56: 1 | P56: 1
A57: 1 | P57: 1
A58: 1 | P58: 1
A59: 1 | P59: 1
A60: 1 | P60: 1
A61: 1 | P61: 1
A62: 1 | B62: 1 | C62: 1 | D62: 1 | E62: 1 | F62: 1 | G62: 1 | H62: 1 | I62: 1 | J62: 1 | K62: 1 | L62: 1 | M62: 1 | N62: 1 | O62: 1 | P62: 1

Sheet Ago.25
A1: 1 | B1: 1 | C1: 1 | D1: 1 | E1: 1 | F1: 1 | G1: 1 | H1: 1 | I1: 1 | J1: 1 | K1: 1 | L1: 1 | M1: 1 | N1: 1 | O1: 1 | P1: 1
C3: Bluzz Saúde Ltda.
A4: 1 | C4: CNPJ | D4: 54.557.861/0001-02 | P4: 1
A5: 1 | C5: Colaborador | P5: 1
A6: 1 | C6: Mês Competência | D6: Ago.25 | P6: 1
A7: 1 | P7: 1
A8: 1 | P8: 1
A9: 1 | P9: 1
A10: 1 | P10: 1
A11: 1 | C11: CONTROLE DE PONTO | P11: 1
A12: 1 | C12: Data | D12: Dia da semana | E12: Entrada | F12: Saída Almoço | G12: Retorno Almoço | H12: Saída | I12: Horas Trabalhadas | J12: Horas Normais | K12: Horas Extras | L12: Banco de Horas | P12: 1
A13: 1 | C13: =Jul.25!C44 -> 45869 | D13: =Jul.25!D44 -> Segunda-feira | P13: 1
A14: 1 | C14: 45870 | D14: =CHOOSE(WEEKDAY(C14,2),'Não Apagar'!$C$3,'Não Apagar'!$C$4,'Não Apagar'!$C$5,'Não Apagar'!$C$6,'Não Apagar'!$C$7,'Não Apagar'!$C$8,'Não Apagar'!$C$9) -> Sexta-feira | I14: =((H14-E14)-(G14-F14))*24 -> 0 | J14: =MAX(0,MIN(I14,'Não Apagar'!$J$3)) -> 0 | K14: =MAX(0,I14-'Não Apagar'!$J$3) -> 0 | L14: =K14+Jul.25!L46 -> 0 | P14: 1
A15: 1 | C15: =C14+1 -> 45871 | D15: =CHOOSE(WEEKDAY(C15,2),'Não Apagar'!$C$3,'Não Apagar'!$C$4,'Não Apagar'!$C$5,'Não Apagar'!$C$6,'Não Apagar'!$C$7,'Não Apagar'!$C$8,'Não Apagar'!$C$9) -> Sábado | P15: 1
A16: 1 | C16: =C15+1 -> 45872 | D16: =CHOOSE(WEEKDAY(C16,2),'Não Apagar'!$C$3,'Não Apagar'!$C$4,'Não Apagar'!$C$5,'Não Apagar'!$C$6,'Não Apagar'!$C$7,'Não Apagar'!$C$8,'Não Apagar'!$C$9) -> Domingo | P16: 1
A17: 1 | C17: =C16+1 -> 45873 | D17: =CHOOSE(WEEKDAY(C17,2),'Não Apagar'!$C$3,'Não Apagar'!$C$4,'Não Apagar'!$C$5,'Não Apagar'!$C$6,'Não Apagar'!$C$7,'Não Apagar'!$C$8,'Não Apagar'!$C$9) -> Segunda-feira | I17: =((H17-E17)-(G17-F17))*24 -> 0 | J17: =MAX(0,MIN(I17,'Não Apagar'!$J$3)) -> 0 | K17: =MAX(0,I17-'Não Apagar'!$J$3) -> 0 | L17: =L14+K17 -> 0 | P17: 1
A18: 1 | C18: =C17+1 -> 45874 | D18: =CHOOSE(WEEKDAY(C18,2),'Não Apagar'!$C$3,'Não Apagar'!$C$4,'Não Apagar'!$C$5,'Não Apagar'!$C$6,'Não Apagar'!$C$7,'Não Apagar'!$C$8,'Não Apagar'!$C$9) -> Terça-feira | I18: =((H18-E18)-(G18-F18))*24 -> 0 | J18: =MAX(0,MIN(I18,'Não Apagar'!$J$3)) -> 0 | K18: =MAX(0,I18-'Não Apagar'!$J$3) -> 0 | L18: =L17+K18 -> 0 | P18: 1
A19: 1 | C19: =C18+1 -> 45875 | D19: =CHOOSE(WEEKDAY(C19,2),'Não Apagar'!$C$3,'Não Apagar'!$C$4,'Não Apagar'!$C$5,'Não Apagar'!$C$6,'Não Apagar'!$C$7,'Não Apagar'!$C$8,'Não Apagar'!$C$9) -> Quarta-feira | I19: =((H19-E19)-(G19-F19))*24 -> 0 | J19: =MAX(0,MIN(I19,'Não Apagar'!$J$3)) -> 0 | K19: =MAX(0,I19-'Não Apagar'!$J$3) -> 0 | L19: =L18+K19 -> 0 | P19: 1
A20: 1 | C20: =C19+1 -> 45876 | D20: =CHOOSE(WEEKDAY(C20,2),'Não Apagar'!$C$3,'Não Apagar'!$C$4,'Não Apagar'!$C$5,'Não Apagar'!$C$6,'Não Apagar'!$C$7,'Não Apagar'!$C$8,'Não Apagar'!$C$9) -> Segunda-feira | I20: =((H20-E20)-(G20-F20))*24 -> 0 | J20: =MAX(0,MIN(I20,'Não Apagar'!$J$3)) -> 0 | K20: =MAX(0,I20-'Não Apagar'!$J$3) -> 0 | L20: =L19+K20 -> 0 | P20: 1
A21: 1 | C21: =C20+1 -> 45877 | D21: =CHOOSE(WEEKDAY(C21,2),'Não Apagar'!$C$3,'Não Apagar'!$C$4,'Não Apagar'!$C$5,'Não Apagar'!$C$6,'Não Apagar'!$C$7,'Não Apagar'!$C$8,'Não Apagar'!$C$9) -> Sexta-feira | I21: =((H21-E21)-(G21-F21))*24 -> 0 | J21: =MAX(0,MIN(I21,'Não Apagar'!$J$3)) -> 0 | K21: =MAX(0,I21-'Não Apagar'!$J$3) -> 0 | L21: =L20+K21 -> 0 | P21: 1
A22: 1 | C22: =C21+1 -> 45878 | D22: =CHOOSE(WEEKDAY(C22,2),'Não Apagar'!$C$3,'Não Apagar'!$C$4,'Não Apagar'!$C$5,'Não Apagar'!$C$6,'Não Apagar'!$C$7,'Não Apagar'!$C$8,'Não Apagar'!$C$9) -> Sábado | P22: 1
A23: 1 | C23: =C22+1 -> 45879 | D23: =CHOOSE(WEEKDAY(C23,2),'Não Apagar'!$C$3,'Não Apagar'!$C$4,'Não Apagar'!$C$5,'Não Apagar'!$C$6,'Não Apagar'!$C$7,'Não Apagar'!$C$8,'Não Apagar'!$C$9) -> Domingo | P23: 1
A24: 1 | C24: =C23+1 -> 45880 | D24: =CHOOSE(WEEKDAY(C24,2),'Não Apagar'!$C$3,'Não Apagar'!$C$4,'Não Apagar'!$C$5,'Não Apagar'!$C$6,'Não Apagar'!$C$7,'Não Apagar'!$C$8,'Não Apagar'!$C$9) -> Segunda-feira | I24: =((H24-E24)-(G24-F24))*24 -> 0 | J24: =MAX(0,MIN(I24,'Não Apagar'!$J$3)) -> 0 | K24: =MAX(0,I24-'Não Apagar'!$J$3) -> 0 | L24: =L21+K24 -> 0 | P24: 1
A25: 1 | C25: =C24+1 -> 45881 | D25: =CHOOSE(WEEKDAY(C25,2),'Não Apagar'!$C$3,'Não Apagar'!$C$4,'Não Apagar'!$C$5,'Não Apagar'!$C$6,'Não Apagar'!$C$7,'Não Apagar'!$C$8,'Não Apagar'!$C$9) -> Terça-feira | I25: =((H25-E25)-(G25-F25))*24 -> 0 | J25: =MAX(0,MIN(I25,'Não Apagar'!$J$3)) -> 0 | K25: =MAX(0,I25-'Não Apagar'!$J$3) -> 0 | L25: =L24+K25 -> 0 | P25: 1
A26: 1 | C26: =C25+1 -> 45882 | D26: =CHOOSE(WEEKDAY(C26,2),'Não Apagar'!$C$3,'Não Apagar'!$C$4,'Não Apagar'!$C$5,'Não Apagar'!$C$6,'Não Apagar'!$C$7,'Não Apagar'!$C$8,'Não Apagar'!$C$9) -> Quarta-feira | I26: =((H26-E26)-(G26-F26))*24 -> 0 | J26: =MAX(0,MIN(I26,'Não Apagar'!$J$3)) -> 0 | K26: =MAX(0,I26-'Não Apagar'!$J$3) -> 0 | L26: =L25+K26 -> 0 | P26: 1
A27: 1 | C27: =C26+1 -> 45883 | D27: =CHOOSE(WEEKDAY(C27,2),'Não Apagar'!$C$3,'Não Apagar'!$C$4,'Não Apagar'!$C$5,'Não Apagar'!$C$6,'Não Apagar'!$C$7,'Não Apagar'!$C$8,'Não Apagar'!$C$9) -> Segunda-feira | I27: =((H27-E27)-(G27-F27))*24 -> 0 | J27: =MAX(0,MIN(I27,'Não Apagar'!$J$3)) -> 0 | K27: =MAX(0,I27-'Não Apagar'!$J$3) -> 0 | L27: =L26+K27 -> 0 | P27: 1
A28: 1 | C28: =C27+1 -> 45884 | D28: =CHOOSE(WEEKDAY(C28,2),'Não Apagar'!$C$3,'Não Apagar'!$C$4,'Não Apagar'!$C$5,'Não Apagar'!$C$6,'Não Apagar'!$C$7,'Não Apagar'!$C$8,'Não Apagar'!$C$9) -> Sexta-feira | I28: =((H28-E28)-(G28-F28))*24 -> 0 | J28: =MAX(0,MIN(I28,'Não Apagar'!$J$3)) -> 0 | K28: =MAX(0,I28-'Não Apagar'!$J$3) -> 0 | L28: =L27+K28 -> 0 | P28: 1
A29: 1 | C29: =C28+1 -> 45885 | D29: =CHOOSE(WEEKDAY(C29,2),'Não Apagar'!$C$3,'Não Apagar'!$C$4,'Não Apagar'!$C$5,'Não Apagar'!$C$6,'Não Apagar'!$C$7,'Não Apagar'!$C$8,'Não Apagar'!$C$9) -> Sábado | P29: 1
A30: 1 | C30: =C29+1 -> 45886 | D30: =CHOOSE(WEEKDAY(C30,2),'Não Apagar'!$C$3,'Não Apagar'!$C$4,'Não Apagar'!$C$5,'Não Apagar'!$C$6,'Não Apagar'!$C$7,'Não Apagar'!$C$8,'Não Apagar'!$C$9) -> Domingo | P30: 1
A31: 1 | C31: =C30+1 -> 45887 | D31: =CHOOSE(WEEKDAY(C31,2),'Não Apagar'!$C$3,'Não Apagar'!$C$4,'Não Apagar'!$C$5,'Não Apagar'!$C$6,'Não Apagar'!$C$7,'Não Apagar'!$C$8,'Não Apagar'!$C$9) -> Segunda-feira | I31: =((H31-E31)-(G31-F31))*24 -> 0 | J31: =MAX(0,MIN(I31,'Não Apagar'!$J$3)) -> 0 | K31: =MAX(0,I31-'Não Apagar'!$J$3) -> 0 | L31: =L28+K31 -> 0 | P31: 1
A32: 1 | C32: =C31+1 -> 45888 | D32: =CHOOSE(WEEKDAY(C32,2),'Não Apagar'!$C$3,'Não Apagar'!$C$4,'Não Apagar'!$C$5,'Não Apagar'!$C$6,'Não Apagar'!$C$7,'Não Apagar'!$C$8,'Não Apagar'!$C$9) -> Terça-feira | I32: =((H32-E32)-(G32-F32))*24 -> 0 | J32: =MAX(0,MIN(I32,'Não Apagar'!$J$3)) -> 0 | K32: =MAX(0,I32-'Não Apagar'!$J$3) -> 0 | L32: =L31+K32 -> 0 | P32: 1
A33: 1 | C33: =C32+1 -> 45889 | D33: =CHOOSE(WEEKDAY(C33,2),'Não Apagar'!$C$3,'Não Apagar'!$C$4,'Não Apagar'!$C$5,'Não Apagar'!$C$6,'Não Apagar'!$C$7,'Não Apagar'!$C$8,'Não Apagar'!$C$9) -> Quarta-feira | I33: =((H33-E33)-(G33-F33))*24 -> 0 | J33: =MAX(0,MIN(I33,'Não Apagar'!$J$3)) -> 0 | K33: =MAX(0,I33-'Não Apagar'!$J$3) -> 0 | L33: =L32+K33 -> 0 | P33: 1
A34: 1 | C34: =C33+1 -> 45890 | D34: =CHOOSE(WEEKDAY(C34,2),'Não Apagar'!$C$3,'Não Apagar'!$C$4,'Não Apagar'!$C$5,'Não Apagar'!$C$6,'Não Apagar'!$C$7,'Não Apagar'!$C$8,'Não Apagar'!$C$9) -> Segunda-feira | I34: =((H34-E34)-(G34-F34))*24 -> 0 | J34: =MAX(0,MIN(I34,'Não Apagar'!$J$3)) -> 0 | K34: =MAX(0,I34-'Não Apagar'!$J$3) -> 0 | L34: =L33+K34 -> 0 | P34: 1
A35: 1 | C35: =C34+1 -> 45891 | D35: =CHOOSE(WEEKDAY(C35,2),'Não Apagar'!$C$3,'Não Apagar'!$C$4,'Não Apagar'!$C$5,'Não Apagar'!$C$6,'Não Apagar'!$C$7,'Não Apagar'!$C$8,'Não Apagar'!$C$9) -> Sexta-feira | I35: =((H35-E35)-(G35-F35))*24 -> 0 | J35: =MAX(0,MIN(I35,'Não Apagar'!$J$3)) -> 0 | K35: =MAX(0,I35-'Não Apagar'!$J$3) -> 0 | L35: =L34+K35 -> 0 | P35: 1
A36: 1 | C36: =C35+1 -> 45892 | D36: =CHOOSE(WEEKDAY(C36,2),'Não Apagar'!$C$3,'Não Apagar'!$C$4,'Não Apagar'!$C$5,'Não Apagar'!$C$6,'Não Apagar'!$C$7,'Não Apagar'!$C$8,'Não Apagar'!$C$9) -> Sábado | P36: 1
A37: 1 | C37: =C36+1 -> 45893 | D37: =CHOOSE(WEEKDAY(C37,2),'Não Apagar'!$C$3,'Não Apagar'!$C$4,'Não Apagar'!$C$5,'Não Apagar'!$C$6,'Não Apagar'!$C$7,'Não Apagar'!$C$8,'Não Apagar'!$C$9) -> Domingo | P37: 1
A38: 1 | C38: =C37+1 -> 45894 | D38: =CHOOSE(WEEKDAY(C38,2),'Não Apagar'!$C$3,'Não Apagar'!$C$4,'Não Apagar'!$C$5,'Não Apagar'!$C$6,'Não Apagar'!$C$7,'Não Apagar'!$C$8,'Não Apagar'!$C$9) -> Segunda-feira | I38: =((H38-E38)-(G38-F38))*24 -> 0 | J38: =MAX(0,MIN(I38,'Não Apagar'!$J$3)) -> 0 | K38: =MAX(0,I38-'Não Apagar'!$J$3) -> 0 | L38: =L35+K38 -> 0 | P38: 1
A39: 1 | C39: =C38+1 -> 45895 | D39: =CHOOSE(WEEKDAY(C39,2),'Não Apagar'!$C$3,'Não Apagar'!$C$4,'Não Apagar'!$C$5,'Não Apagar'!$C$6,'Não Apagar'!$C$7,'Não Apagar'!$C$8,'Não Apagar'!$C$9) -> Terça-feira | I39: =((H39-E39)-(G39-F39))*24 -> 0 | J39: =MAX(0,MIN(I39,'Não Apagar'!$J$3)) -> 0 | K39: =MAX(0,I39-'Não Apagar'!$J$3) -> 0 | L39: =L38+K39 -> 0 | P39: 1
A40: 1 | C40: =C39+1 -> 45896 | D40: =CHOOSE(WEEKDAY(C40,2),'Não Apagar'!$C$3,'Não Apagar'!$C$4,'Não Apagar'!$C$5,'Não Apagar'!$C$6,'Não Apagar'!$C$7,'Não Apagar'!$C$8,'Não Apagar'!$C$9) -> Quarta-feira | I40: =((H40-E40)-(G40-F40))*24 -> 0 | J40: =MAX(0,MIN(I40,'Não Apagar'!$J$3)) -> 0 | K40: =MAX(0,I40-'Não Apagar'!$J$3) -> 0 | L40: =L39+K40 -> 0 | P40: 1
A41: 1 | C41: =C40+1 -> 45897 | D41: =CHOOSE(WEEKDAY(C41,2),'Não Apagar'!$C$3,'Não Apagar'!$C$4,'Não Apagar'!$C$5,'Não Apagar'!$C$6,'Não Apagar'!$C$7,'Não Apagar'!$C$8,'Não Apagar'!$C$9) -> Segunda-feira | I41: =((H41-E41)-(G41-F41))*24 -> 0 | J41: =MAX(0,MIN(I41,'Não Apagar'!$J$3)) -> 0 | K41: =MAX(0,I41-'Não Apagar'!$J$3) -> 0 | L41: =L40+K41 -> 0 | P41: 1
A42: 1 | C42: =C41+1 -> 45898 | D42: =CHOOSE(WEEKDAY(C42,2),'Não Apagar'!$C$3,'Não Apagar'!$C$4,'Não Apagar'!$C$5,'Não Apagar'!$C$6,'Não Apagar'!$C$7,'Não Apagar'!$C$8,'Não Apagar'!$C$9) -> Sexta-feira | I42: =((H42-E42)-(G42-F42))*24 -> 0 | J42: =MAX(0,MIN(I42,'Não Apagar'!$J$3)) -> 0 | K42: =MAX(0,I42-'Não Apagar'!$J$3) -> 0 | L42: =L41+K42 -> 0 | P42: 1
A43: 1 | C43: =C42+1 -> 45899 | D43: =CHOOSE(WEEKDAY(C43,2),'Não Apagar'!$C$3,'Não Apagar'!$C$4,'Não Apagar'!$C$5,'Não Apagar'!$C$6,'Não Apagar'!$C$7,'Não Apagar'!$C$8,'Não Apagar'!$C$9) -> Sábado | P43: 1
A44: 1 | C44: =C43+1 -> 45900 | D44: =CHOOSE(WEEKDAY(C44,2),'Não Apagar'!$C$3,'Não Apagar'!$C$4,'Não Apagar'!$C$5,'Não Apagar'!$C$6,'Não Apagar'!$C$7,'Não Apagar'!$C$8,'Não Apagar'!$C$9) -> Domingo | P44: 1
A45: 1 | P45: 1
A46: 1 | J46: Saldo Banco de Horas | L46: =IFERROR(INDEX(L14:L44,MATCH(9^9,H14:H44)),Jul.25!L46) -> 0 | P46: 1
A53: 1 | P53: 1
A54: 1 | C54: =TODAY() -> 46037 | P54: 1
A55: 1 | P55: 1
A56: 1 | P56: 1
A57: 1 | P57: 1
A58: 1 | P58: 1
A59: 1 | P59: 1
A60: 1 | P60: 1
A61: 1 | P61: 1
A62: 1 | B62: 1 | C62: 1 | D62: 1 | E62: 1 | F62: 1 | G62: 1 | H62: 1 | I62: 1 | J62: 1 | K62: 1 | L62: 1 | M62: 1 | N62: 1 | O62: 1 | P62: 1

Sheet Mai.26
A1: 1 | B1: 1 | C1: 1 | D1: 1 | E1: 1 | F1: 1 | G1: 1 | H1: 1 | I1: 1 | J1: 1 | K1: 1 | L1: 1 | M1: 1 | N1: 1 | O1: 1 | P1: 1
C3: Bluzz Saúde Ltda.
A4: 1 | C4: CNPJ | D4: 54.557.861/0001-02 | P4: 1
A5: 1 | C5: Colaborador | P5: 1
A6: 1 | C6: Mês Competência | D6: Mai.26 | P6: 1
A7: 1 | P7: 1
A8: 1 | P8: 1
A9: 1 | P9: 1
A10: 1 | P10: 1
A11: 1 | C11: MAIO - CONTROLE DE PONTO | P11: 1
A12: 1 | C12: Data | D12: Dia da semana | E12: Entrada | F12: Saída Almoço | G12: Retorno Almoço | H12: Saída | I12: Horas Trabalhadas | J12: Horas Normais | K12: Horas Extras | L12: Banco de Horas | P12: 1
A13: 1 | C13: 46142 | D13: Quinta-feira | E13: // | F13: // | G13: // | H13: // | I13: // | J13: // | K13: // | P13: 1
A14: 1 | C14: 46143 | D14: Sexta-feira | I14: =((H14-E14)-(G14-F14))*24 -> 0 | J14: ='Não Apagar'!$J$3 -> 8 | K14: =IF(I14=0,-'Não Apagar'!$J$3,I14-J14) -> -8 | L14: =K14+L13 -> -8 | P14: 1
A15: 1 | C15: 46144 | D15: Sábado | P15: 1
A16: 1 | C16: 46145 | D16: Domingo | P16: 1
A17: 1 | C17: 46146 | D17: Segunda-feira | I17: =((H17-E17)-(G17-F17))*24 -> 0 | J17: ='Não Apagar'!$J$3 -> 8 | K17: =IF(I17=0,-'Não Apagar'!$J$3,I17-J17) -> -8 | L17: =K17+L14 -> -16 | P17: 1
A18: 1 | C18: 46147 | D18: Terça-feira | I18: =((H18-E18)-(G18-F18))*24 -> 0 | J18: ='Não Apagar'!$J$3 -> 8 | K18: =IF(I18=0,-'Não Apagar'!$J$3,I18-J18) -> -8 | L18: =K18+L17 -> -24 | P18: 1
A19: 1 | C19: 46148 | D19: Quarta-feira | I19: =((H19-E19)-(G19-F19))*24 -> 0 | J19: ='Não Apagar'!$J$3 -> 8 | K19: =IF(I19=0,-'Não Apagar'!$J$3,I19-J19) -> -8 | L19: =K19+L18 -> -32 | P19: 1
A20: 1 | C20: 46149 | D20: Quinta-feira | I20: =((H20-E20)-(G20-F20))*24 -> 0 | J20: ='Não Apagar'!$J$3 -> 8 | K20: =IF(I20=0,-'Não Apagar'!$J$3,I20-J20) -> -8 | L20: =K20+L19 -> -40 | P20: 1
A21: 1 | C21: 46150 | D21: Sexta-feira | I21: =((H21-E21)-(G21-F21))*24 -> 0 | J21: ='Não Apagar'!$J$3 -> 8 | K21: =IF(I21=0,-'Não Apagar'!$J$3,I21-J21) -> -8 | L21: =K21+L20 -> -48 | P21: 1
A22: 1 | C22: 46151 | D22: Sábado | P22: 1
A23: 1 | C23: 46152 | D23: Domingo | P23: 1
A24: 1 | C24: 46153 | D24: Segunda-feira | I24: =((H24-E24)-(G24-F24))*24 -> 0 | J24: ='Não Apagar'!$J$3 -> 8 | K24: =IF(I24=0,-'Não Apagar'!$J$3,I24-J24) -> -8 | L24: =K24+L21 -> -56 | P24: 1
A25: 1 | C25: 46154 | D25: Terça-feira | I25: =((H25-E25)-(G25-F25))*24 -> 0 | J25: ='Não Apagar'!$J$3 -> 8 | K25: =IF(I25=0,-'Não Apagar'!$J$3,I25-J25) -> -8 | L25: =K25+L24 -> -64 | P25: 1
A26: 1 | C26: 46155 | D26: Quarta-feira | I26: =((H26-E26)-(G26-F26))*24 -> 0 | J26: ='Não Apagar'!$J$3 -> 8 | K26: =IF(I26=0,-'Não Apagar'!$J$3,I26-J26) -> -8 | L26: =K26+L25 -> -72 | P26: 1
A27: 1 | C27: 46156 | D27: Quinta-feira | I27: =((H27-E27)-(G27-F27))*24 -> 0 | J27: ='Não Apagar'!$J$3 -> 8 | K27: =IF(I27=0,-'Não Apagar'!$J$3,I27-J27) -> -8 | L27: =K27+L26 -> -80 | P27: 1
A28: 1 | C28: 46157 | D28: Sexta-feira | I28: =((H28-E28)-(G28-F28))*24 -> 0 | J28: ='Não Apagar'!$J$3 -> 8 | K28: =IF(I28=0,-'Não Apagar'!$J$3,I28-J28) -> -8 | L28: =K28+L27 -> -88 | P28: 1
A29: 1 | C29: 46158 | D29: Sábado | P29: 1
A30: 1 | C30: 46159 | D30: Domingo | P30: 1
A31: 1 | C31: 46160 | D31: Segunda-feira | I31: =((H31-E31)-(G31-F31))*24 -> 0 | J31: ='Não Apagar'!$J$3 -> 8 | K31: =IF(I31=0,-'Não Apagar'!$J$3,I31-J31) -> -8 | L31: =K31+L28 -> -96 | P31: 1
A32: 1 | C32: 46161 | D32: Terça-feira | I32: =((H32-E32)-(G32-F32))*24 -> 0 | J32: ='Não Apagar'!$J$3 -> 8 | K32: =IF(I32=0,-'Não Apagar'!$J$3,I32-J32) -> -8 | L32: =K32+L31 -> -104 | P32: 1
A33: 1 | C33: 46162 | D33: Quarta-feira | I33: =((H33-E33)-(G33-F33))*24 -> 0 | J33: ='Não Apagar'!$J$3 -> 8 | K33: =IF(I33=0,-'Não Apagar'!$J$3,I33-J33) -> -8 | L33: =K33+L32 -> -112 | P33: 1
A34: 1 | C34: 46163 | D34: Quinta-feira | I34: =((H34-E34)-(G34-F34))*24 -> 0 | J34: ='Não Apagar'!$J$3 -> 8 | K34: =IF(I34=0,-'Não Apagar'!$J$3,I34-J34) -> -8 | L34: =K34+L33 -> -120 | P34: 1
A35: 1 | C35: 46164 | D35: Sexta-feira | I35: =((H35-E35)-(G35-F35))*24 -> 0 | J35: ='Não Apagar'!$J$3 -> 8 | K35: =IF(I35=0,-'Não Apagar'!$J$3,I35-J35) -> -8 | L35: =K35+L34 -> -128 | P35: 1
A36: 1 | C36: 46165 | D36: Sábado | P36: 1
A37: 1 | C37: 46166 | D37: Domingo | P37: 1
A38: 1 | C38: 46167 | D38: Segunda-feira | I38: =((H38-E38)-(G38-F38))*24 -> 0 | J38: ='Não Apagar'!$J$3 -> 8 | K38: =IF(I38=0,-'Não Apagar'!$J$3,I38-J38) -> -8 | L38: =K38+L35 -> -136 | P38: 1
A39: 1 | C39: 46168 | D39: Terça-feira | I39: =((H39-E39)-(G39-F39))*24 -> 0 | J39: ='Não Apagar'!$J$3 -> 8 | K39: =IF(I39=0,-'Não Apagar'!$J$3,I39-J39) -> -8 | L39: =K39+L38 -> -144 | P39: 1
A40: 1 | C40: 46169 | D40: Quarta-feira | I40: =((H40-E40)-(G40-F40))*24 -> 0 | J40: ='Não Apagar'!$J$3 -> 8 | K40: =IF(I40=0,-'Não Apagar'!$J$3,I40-J40) -> -8 | L40: =K40+L39 -> -152 | P40: 1
A41: 1 | C41: 46170 | D41: Quinta-feira | I41: =((H41-E41)-(G41-F41))*24 -> 0 | J41: ='Não Apagar'!$J$3 -> 8 | K41: =IF(I41=0,-'Não Apagar'!$J$3,I41-J41) -> -8 | L41: =K41+L40 -> -160 | P41: 1
A42: 1 | C42: 46171 | D42: Sexta-feira | I42: =((H42-E42)-(G42-F42))*24 -> 0 | J42: ='Não Apagar'!$J$3 -> 8 | K42: =IF(I42=0,-'Não Apagar'!$J$3,I42-J42) -> -8 | L42: =K42+L41 -> -168 | P42: 1
A43: 1 | C43: 46172 | D43: Sábado | P43: 1
A44: 1 | C44: 46173 | D44: Domingo | P44: 1
A45: 1 | P45: 1
A46: 1 | J46: Saldo Banco de Horas | L46: =L42 -> -168 | P46: 1
A53: 1 | P53: 1
A54: 1 | C54: =TODAY() -> 46037 | P54: 1
A55: 1 | P55: 1
A56: 1 | P56: 1
A57: 1 | P57: 1
A58: 1 | P58: 1
A59: 1 | P59: 1
A60: 1 | P60: 1
A61: 1 | P61: 1
A62: 1 | B62: 1 | C62: 1 | D62: 1 | E62: 1 | F62: 1 | G62: 1 | H62: 1 | I62: 1 | J62: 1 | K62: 1 | L62: 1 | M62: 1 | N62: 1 | O62: 1 | P62: 1

Sheet Jun.26
A1: 1 | B1: 1 | C1: 1 | D1: 1 | E1: 1 | F1: 1 | G1: 1 | H1: 1 | I1: 1 | J1: 1 | K1: 1 | L1: 1 | M1: 1 | N1: 1 | O1: 1 | P1: 1
C3: Bluzz Saúde Ltda.
A4: 1 | C4: CNPJ | D4: 54.557.861/0001-02 | P4: 1
A5: 1 | C5: Colaborador | P5: 1
A6: 1 | C6: Mês Competência | D6: Jun.26 | P6: 1
A7: 1 | P7: 1
A8: 1 | P8: 1
A9: 1 | P9: 1
A10: 1 | P10: 1
A11: 1 | C11: JUNHO - CONTROLE DE PONTO | P11: 1
A12: 1 | C12: Data | D12: Dia da semana | E12: Entrada | F12: Saída Almoço | G12: Retorno Almoço | H12: Saída | I12: Horas Trabalhadas | J12: Horas Normais | K12: Horas Extras | L12: Banco de Horas | P12: 1
A13: 1 | C13: 46174 | D13: Segunda-feira | I13: =((H13-E13)-(G13-F13))*24 -> 0 | J13: ='Não Apagar'!$J$3 -> 8 | K13: =IF(I14=0,-'Não Apagar'!$J$3,I14-J14) -> -8 | L13: =K13+Mai.26!L46 -> -176 | P13: 1
A14: 1 | C14: 46175 | D14: Terça-feira | I14: =((H14-E14)-(G14-F14))*24 -> 0 | J14: ='Não Apagar'!$J$3 -> 8 | K14: =IF(I15=0,-'Não Apagar'!$J$3,I15-J15) -> -8 | L14: =K14+L13 -> -184 | P14: 1
A15: 1 | C15: 46176 | D15: Quarta-feira | I15: =((H15-E15)-(G15-F15))*24 -> 0 | J15: ='Não Apagar'!$J$3 -> 8 | K15: =IF(I16=0,-'Não Apagar'!$J$3,I16-J16) -> -8 | L15: =K15+L14 -> -192 | P15: 1
A16: 1 | C16: 46177 | D16: Quinta-feira | I16: =((H16-E16)-(G16-F16))*24 -> 0 | J16: ='Não Apagar'!$J$3 -> 8 | K16: =IF(I17=0,-'Não Apagar'!$J$3,I17-J17) -> -8 | L16: =K16+L15 -> -200 | P16: 1
A17: 1 | C17: 46178 | D17: Sexta-feira | I17: =((H17-E17)-(G17-F17))*24 -> 0 | J17: ='Não Apagar'!$J$3 -> 8 | K17: =IF(I18=0,-'Não Apagar'!$J$3,I18-J18) -> -8 | L17: =K17+L16 -> -208 | P17: 1
A18: 1 | C18: 46179 | D18: Sábado | P18: 1
A19: 1 | C19: 46180 | D19: Domingo | P19: 1
A20: 1 | C20: 46181 | D20: Segunda-feira | I20: =((H20-E20)-(G20-F20))*24 -> 0 | J20: ='Não Apagar'!$J$3 -> 8 | K20: =IF(I21=0,-'Não Apagar'!$J$3,I21-J21) -> -8 | L20: =K20+L17 -> -216 | P20: 1
A21: 1 | C21: 46182 | D21: Terça-feira | I21: =((H21-E21)-(G21-F21))*24 -> 0 | J21: ='Não Apagar'!$J$3 -> 8 | K21: =IF(I22=0,-'Não Apagar'!$J$3,I22-J22) -> -8 | L21: =K21+L20 -> -224 | P21: 1
A22: 1 | C22: 46183 | D22: Quarta-feira | I22: =((H22-E22)-(G22-F22))*24 -> 0 | J22: ='Não Apagar'!$J$3 -> 8 | K22: =IF(I23=0,-'Não Apagar'!$J$3,I23-J23) -> -8 | L22: =K22+L21 -> -232 | P22: 1
A23: 1 | C23: 46184 | D23: Quinta-feira | I23: =((H23-E23)-(G23-F23))*24 -> 0 | J23: ='Não Apagar'!$J$3 -> 8 | K23: =IF(I24=0,-'Não Apagar'!$J$3,I24-J24) -> -8 | L23: =K23+L22 -> -240 | P23: 1
A24: 1 | C24: 46185 | D24: Sexta-feira | I24: =((H24-E24)-(G24-F24))*24 -> 0 | J24: ='Não Apagar'!$J$3 -> 8 | K24: =IF(I25=0,-'Não Apagar'!$J$3,I25-J25) -> -8 | L24: =K24+L23 -> -248 | P24: 1
A25: 1 | C25: 46186 | D25: Sábado | P25: 1
A26: 1 | C26: 46187 | D26: Domingo | P26: 1
A27: 1 | C27: 46188 | D27: Segunda-feira | I27: =((H27-E27)-(G27-F27))*24 -> 0 | J27: ='Não Apagar'!$J$3 -> 8 | K27: =IF(I28=0,-'Não Apagar'!$J$3,I28-J28) -> -8 | L27: =K27+L24 -> -256 | P27: 1
A28: 1 | C28: 46189 | D28: Terça-feira | I28: =((H28-E28)-(G28-F28))*24 -> 0 | J28: ='Não Apagar'!$J$3 -> 8 | K28: =IF(I29=0,-'Não Apagar'!$J$3,I29-J29) -> -8 | L28: =K28+L27 -> -264 | P28: 1
A29: 1 | C29: 46190 | D29: Quarta-feira | I29: =((H29-E29)-(G29-F29))*24 -> 0 | J29: ='Não Apagar'!$J$3 -> 8 | K29: =IF(I30=0,-'Não Apagar'!$J$3,I30-J30) -> -8 | L29: =K29+L28 -> -272 | P29: 1
A30: 1 | C30: 46191 | D30: Quinta-feira | I30: =((H30-E30)-(G30-F30))*24 -> 0 | J30: ='Não Apagar'!$J$3 -> 8 | K30: =IF(I31=0,-'Não Apagar'!$J$3,I31-J31) -> -8 | L30: =K30+L29 -> -280 | P30: 1
A31: 1 | C31: 46192 | D31: Sexta-feira | I31: =((H31-E31)-(G31-F31))*24 -> 0 | J31: ='Não Apagar'!$J$3 -> 8 | K31: =IF(I32=0,-'Não Apagar'!$J$3,I32-J32) -> -8 | L31: =K31+L30 -> -288 | P31: 1
A32: 1 | C32: 46193 | D32: Sábado | P32: 1
A33: 1 | C33: 46194 | D33: Domingo | P33: 1
A34: 1 | C34: 46195 | D34: Segunda-feira | I34: =((H34-E34)-(G34-F34))*24 -> 0 | J34: ='Não Apagar'!$J$3 -> 8 | K34: =IF(I35=0,-'Não Apagar'!$J$3,I35-J35) -> -8 | L34: =K34+L31 -> -296 | P34: 1
A35: 1 | C35: 46196 | D35: Terça-feira | I35: =((H35-E35)-(G35-F35))*24 -> 0 | J35: ='Não Apagar'!$J$3 -> 8 | K35: =IF(I36=0,-'Não Apagar'!$J$3,I36-J36) -> -8 | L35: =K35+L34 -> -304 | P35: 1
A36: 1 | C36: 46197 | D36: Quarta-feira | I36: =((H36-E36)-(G36-F36))*24 -> 0 | J36: ='Não Apagar'!$J$3 -> 8 | K36: =IF(I37=0,-'Não Apagar'!$J$3,I37-J37) -> -8 | L36: =K36+L35 -> -312 | P36: 1
A37: 1 | C37: 46198 | D37: Quinta-feira | I37: =((H37-E37)-(G37-F37))*24 -> 0 | J37: ='Não Apagar'!$J$3 -> 8 | K37: =IF(I38=0,-'Não Apagar'!$J$3,I38-J38) -> -8 | L37: =K37+L36 -> -320 | P37: 1
A38: 1 | C38: 46199 | D38: Sexta-feira | I38: =((H38-E38)-(G38-F38))*24 -> 0 | J38: ='Não Apagar'!$J$3 -> 8 | K38: =IF(I39=0,-'Não Apagar'!$J$3,I39-J39) -> -8 | L38: =K38+L37 -> -328 | P38: 1
A39: 1 | C39: 46200 | D39: Sábado | P39: 1
A40: 1 | C40: 46201 | D40: Domingo | P40: 1
A41: 1 | C41: 46202 | D41: Segunda-feira | I41: =((H41-E41)-(G41-F41))*24 -> 0 | J41: ='Não Apagar'!$J$3 -> 8 | K41: =IF(I42=0,-'Não Apagar'!$J$3,I42-J42) -> -8 | L41: =K41+L38 -> -336 | P41: 1
A42: 1 | C42: 46203 | D42: Terça-feira | I42: =((H42-E42)-(G42-F42))*24 -> 0 | J42: ='Não Apagar'!$J$3 -> 8 | K42: =IF(I43=0,-'Não Apagar'!$J$3,I43-J43) -> -8 | L42: =K42+L41 -> -344 | P42: 1
A43: 1 | P43: 1
A44: 1 | P44: 1
A45: 1 | P45: 1
A46: 1 | J46: Saldo Banco de Horas | L46: =L42 -> -344 | P46: 1
A53: 1 | P53: 1
A54: 1 | C54: =TODAY() -> 46037 | P54: 1
A55: 1 | P55: 1
A56: 1 | P56: 1
A57: 1 | P57: 1
A58: 1 | P58: 1
A59: 1 | P59: 1
A60: 1 | P60: 1
A61: 1 | P61: 1
A62: 1 | B62: 1 | C62: 1 | D62: 1 | E62: 1 | F62: 1 | G62: 1 | H62: 1 | I62: 1 | J62: 1 | K62: 1 | L62: 1 | M62: 1 | N62: 1 | O62: 1 | P62: 1

Sheet Jul.26
A1: 1 | B1: 1 | C1: 1 | D1: 1 | E1: 1 | F1: 1 | G1: 1 | H1: 1 | I1: 1 | J1: 1 | K1: 1 | L1: 1 | M1: 1 | N1: 1 | O1: 1 | P1: 1
C3: Bluzz Saúde Ltda.
A4: 1 | C4: CNPJ | D4: 54.557.861/0001-02 | P4: 1
A5: 1 | C5: Colaborador | P5: 1
A6: 1 | C6: Mês Competência | D6: Jul.26 | P6: 1
A7: 1 | P7: 1
A8: 1 | P8: 1
A9: 1 | P9: 1
A10: 1 | P10: 1
A11: 1 | C11: JULHO - CONTROLE DE PONTO | P11: 1
A12: 1 | C12: Data | D12: Dia da semana | E12: Entrada | F12: Saída Almoço | G12: Retorno Almoço | H12: Saída | I12: Horas Trabalhadas | J12: Horas Normais | K12: Horas Extras | L12: Banco de Horas | P12: 1
A13: 1 | C13: 46204 | D13: Quarta-feira | I13: =((H13-E13)-(G13-F13))*24 -> 0 | J13: ='Não Apagar'!$J$3 -> 8 | K13: =IF(I14=0,-'Não Apagar'!$J$3,I14-J14) -> -8 | L13: =K13+Jun.26!L46 -> -352 | P13: 1
A14: 1 | C14: 46205 | D14: Quinta-feira | I14: =((H14-E14)-(G14-F14))*24 -> 0 | J14: ='Não Apagar'!$J$3 -> 8 | K14: =IF(I15=0,-'Não Apagar'!$J$3,I15-J15) -> -8 | L14: =K14+L13 -> -360 | P14: 1
A15: 1 | C15: 46206 | D15: Sexta-feira | I15: =((H15-E15)-(G15-F15))*24 -> 0 | J15: ='Não Apagar'!$J$3 -> 8 | K15: =IF(I16=0,-'Não Apagar'!$J$3,I16-J16) -> -8 | L15: =K15+L14 -> -368 | P15: 1
A16: 1 | C16: 46207 | D16: Sábado | P16: 1
A17: 1 | C17: 46208 | D17: Domingo | P17: 1
A18: 1 | C18: 46209 | D18: Segunda-feira | I18: =((H18-E18)-(G18-F18))*24 -> 0 | J18: ='Não Apagar'!$J$3 -> 8 | K18: =IF(I19=0,-'Não Apagar'!$J$3,I19-J19) -> -8 | L18: =K18+L15 -> -376 | P18: 1
A19: 1 | C19: 46210 | D19: Terça-feira | I19: =((H19-E19)-(G19-F19))*24 -> 0 | J19: ='Não Apagar'!$J$3 -> 8 | K19: =IF(I20=0,-'Não Apagar'!$J$3,I20-J20) -> -8 | L19: =K19+L18 -> -384 | P19: 1
A20: 1 | C20: 46211 | D20: Quarta-feira | I20: =((H20-E20)-(G20-F20))*24 -> 0 | J20: ='Não Apagar'!$J$3 -> 8 | K20: =IF(I21=0,-'Não Apagar'!$J$3,I21-J21) -> -8 | L20: =K20+L19 -> -392 | P20: 1
A21: 1 | C21: 46212 | D21: Quinta-feira | I21: =((H21-E21)-(G21-F21))*24 -> 0 | J21: ='Não Apagar'!$J$3 -> 8 | K21: =IF(I22=0,-'Não Apagar'!$J$3,I22-J22) -> -8 | L21: =K21+L20 -> -400 | P21: 1
A22: 1 | C22: 46213 | D22: Sexta-feira | I22: =((H22-E22)-(G22-F22))*24 -> 0 | J22: ='Não Apagar'!$J$3 -> 8 | K22: =IF(I23=0,-'Não Apagar'!$J$3,I23-J23) -> -8 | L22: =K22+L21 -> -408 | P22: 1
A23: 1 | C23: 46214 | D23: Sábado | P23: 1
A24: 1 | C24: 46215 | D24: Domingo | P24: 1
A25: 1 | C25: 46216 | D25: Segunda-feira | I25: =((H25-E25)-(G25-F25))*24 -> 0 | J25: ='Não Apagar'!$J$3 -> 8 | K25: =IF(I26=0,-'Não Apagar'!$J$3,I26-J26) -> -8 | L25: =K25+L22 -> -416 | P25: 1
A26: 1 | C26: 46217 | D26: Terça-feira | I26: =((H26-E26)-(G26-F26))*24 -> 0 | J26: ='Não Apagar'!$J$3 -> 8 | K26: =IF(I27=0,-'Não Apagar'!$J$3,I27-J27) -> -8 | L26: =K26+L25 -> -424 | P26: 1
A27: 1 | C27: 46218 | D27: Quarta-feira | I27: =((H27-E27)-(G27-F27))*24 -> 0 | J27: ='Não Apagar'!$J$3 -> 8 | K27: =IF(I28=0,-'Não Apagar'!$J$3,I28-J28) -> -8 | L27: =K27+L26 -> -432 | P27: 1
A28: 1 | C28: 46219 | D28: Quinta-feira | I28: =((H28-E28)-(G28-F28))*24 -> 0 | J28: ='Não Apagar'!$J$3 -> 8 | K28: =IF(I29=0,-'Não Apagar'!$J$3,I29-J29) -> -8 | L28: =K28+L27 -> -440 | P28: 1
A29: 1 | C29: 46220 | D29: Sexta-feira | I29: =((H29-E29)-(G29-F29))*24 -> 0 | J29: ='Não Apagar'!$J$3 -> 8 | K29: =IF(I30=0,-'Não Apagar'!$J$3,I30-J30) -> -8 | L29: =K29+L28 -> -448 | P29: 1
A30: 1 | C30: 46221 | D30: Sábado | P30: 1
A31: 1 | C31: 46222 | D31: Domingo | P31: 1
A32: 1 | C32: 46223 | D32: Segunda-feira | I32: =((H32-E32)-(G32-F32))*24 -> 0 | J32: ='Não Apagar'!$J$3 -> 8 | K32: =IF(I33=0,-'Não Apagar'!$J$3,I33-J33) -> -8 | L32: =K32+L29 -> -456 | P32: 1
A33: 1 | C33: 46224 | D33: Terça-feira | I33: =((H33-E33)-(G33-F33))*24 -> 0 | J33: ='Não Apagar'!$J$3 -> 8 | K33: =IF(I34=0,-'Não Apagar'!$J$3,I34-J34) -> -8 | L33: =K33+L32 -> -464 | P33: 1
A34: 1 | C34: 46225 | D34: Quarta-feira | I34: =((H34-E34)-(G34-F34))*24 -> 0 | J34: ='Não Apagar'!$J$3 -> 8 | K34: =IF(I35=0,-'Não Apagar'!$J$3,I35-J35) -> -8 | L34: =K34+L33 -> -472 | P34: 1
A35: 1 | C35: 46226 | D35: Quinta-feira | I35: =((H35-E35)-(G35-F35))*24 -> 0 | J35: ='Não Apagar'!$J$3 -> 8 | K35: =IF(I36=0,-'Não Apagar'!$J$3,I36-J36) -> -8 | L35: =K35+L34 -> -480 | P35: 1
A36: 1 | C36: 46227 | D36: Sexta-feira | I36: =((H36-E36)-(G36-F36))*24 -> 0 | J36: ='Não Apagar'!$J$3 -> 8 | K36: =IF(I37=0,-'Não Apagar'!$J$3,I37-J37) -> -8 | L36: =K36+L35 -> -488 | P36: 1
A37: 1 | C37: 46228 | D37: Sábado | P37: 1
A38: 1 | C38: 46229 | D38: Domingo | P38: 1
A39: 1 | C39: 46230 | D39: Segunda-feira | I39: =((H39-E39)-(G39-F39))*24 -> 0 | J39: ='Não Apagar'!$J$3 -> 8 | K39: =IF(I40=0,-'Não Apagar'!$J$3,I40-J40) -> -8 | L39: =K39+L36 -> -496 | P39: 1
A40: 1 | C40: 46231 | D40: Terça-feira | I40: =((H40-E40)-(G40-F40))*24 -> 0 | J40: ='Não Apagar'!$J$3 -> 8 | K40: =IF(I41=0,-'Não Apagar'!$J$3,I41-J41) -> -8 | L40: =K40+L39 -> -504 | P40: 1
A41: 1 | C41: 46232 | D41: Quarta-feira | I41: =((H41-E41)-(G41-F41))*24 -> 0 | J41: ='Não Apagar'!$J$3 -> 8 | K41: =IF(I42=0,-'Não Apagar'!$J$3,I42-J42) -> -8 | L41: =K41+L40 -> -512 | P41: 1
A42: 1 | C42: 46233 | D42: Quinta-feira | I42: =((H42-E42)-(G42-F42))*24 -> 0 | J42: ='Não Apagar'!$J$3 -> 8 | K42: =IF(I43=0,-'Não Apagar'!$J$3,I43-J43) -> -8 | L42: =K42+L41 -> -520 | P42: 1
A43: 1 | C43: 46234 | D43: Sexta-feira | P43: 1
A44: 1 | P44: 1
A45: 1 | P45: 1
A46: 1 | J46: Saldo Banco de Horas | L46: =L42 -> -520 | P46: 1
A53: 1 | P53: 1
A54: 1 | C54: =TODAY() -> 46037 | P54: 1
A55: 1 | P55: 1
A56: 1 | P56: 1
A57: 1 | P57: 1
A58: 1 | P58: 1
A59: 1 | P59: 1
A60: 1 | P60: 1
A61: 1 | P61: 1
A62: 1 | B62: 1 | C62: 1 | D62: 1 | E62: 1 | F62: 1 | G62: 1 | H62: 1 | I62: 1 | J62: 1 | K62: 1 | L62: 1 | M62: 1 | N62: 1 | O62: 1 | P62: 1

Sheet Ago.26
A1: 1 | B1: 1 | C1: 1 | D1: 1 | E1: 1 | F1: 1 | G1: 1 | H1: 1 | I1: 1 | J1: 1 | K1: 1 | L1: 1 | M1: 1 | N1: 1 | O1: 1 | P1: 1
C3: Bluzz Saúde Ltda.
A4: 1 | C4: CNPJ | D4: 54.557.861/0001-02 | P4: 1
A5: 1 | C5: Colaborador | P5: 1
A6: 1 | C6: Mês Competência | D6: Ago.26 | P6: 1
A7: 1 | P7: 1
A8: 1 | P8: 1
A9: 1 | P9: 1
A10: 1 | P10: 1
A11: 1 | C11: AGOSTO - CONTROLE DE PONTO | P11: 1
A12: 1 | C12: Data | D12: Dia da semana | E12: Entrada | F12: Saída Almoço | G12: Retorno Almoço | H12: Saída | I12: Horas Trabalhadas | J12: Horas Normais | K12: Horas Extras | L12: Banco de Horas | P12: 1
A13: 1 | C13: 46235 | D13: Sábado | P13: 1
A14: 1 | C14: 46236 | D14: Domingo | P14: 1
A15: 1 | C15: 46237 | D15: Segunda-feira | I15: =((H15-E15)-(G15-F15))*24 -> 0 | J15: ='Não Apagar'!$J$3 -> 8 | K15: =IF(I16=0,-'Não Apagar'!$J$3,I16-J16) -> -8 | L15: =K15+Jul.26!L46 -> -528 | P15: 1
A16: 1 | C16: 46238 | D16: Terça-feira | I16: =((H16-E16)-(G16-F16))*24 -> 0 | J16: ='Não Apagar'!$J$3 -> 8 | K16: =IF(I17=0,-'Não Apagar'!$J$3,I17-J17) -> -8 | L16: =K16+L15 -> -536 | P16: 1
A17: 1 | C17: 46239 | D17: Quarta-feira | I17: =((H17-E17)-(G17-F17))*24 -> 0 | J17: ='Não Apagar'!$J$3 -> 8 | K17: =IF(I18=0,-'Não Apagar'!$J$3,I18-J18) -> -8 | L17: =K17+L16 -> -544 | P17: 1
A18: 1 | C18: 46240 | D18: Quinta-feira | I18: =((H18-E18)-(G18-F18))*24 -> 0 | J18: ='Não Apagar'!$J$3 -> 8 | K18: =IF(I19=0,-'Não Apagar'!$J$3,I19-J19) -> -8 | L18: =K18+L17 -> -552 | P18: 1
A19: 1 | C19: 46241 | D19: Sexta-feira | I19: =((H19-E19)-(G19-F19))*24 -> 0 | J19: ='Não Apagar'!$J$3 -> 8 | K19: =IF(I20=0,-'Não Apagar'!$J$3,I20-J20) -> -8 | L19: =K19+L18 -> -560 | P19: 1
A20: 1 | C20: 46242 | D20: Sábado | P20: 1
A21: 1 | C21: 46243 | D21: Domingo | P21: 1
A22: 1 | C22: 46244 | D22: Segunda-feira | I22: =((H22-E22)-(G22-F22))*24 -> 0 | J22: ='Não Apagar'!$J$3 -> 8 | K22: =IF(I23=0,-'Não Apagar'!$J$3,I23-J23) -> -8 | L22: =K22+L19 -> -568 | P22: 1
A23: 1 | C23: 46245 | D23: Terça-feira | I23: =((H23-E23)-(G23-F23))*24 -> 0 | J23: ='Não Apagar'!$J$3 -> 8 | K23: =IF(I24=0,-'Não Apagar'!$J$3,I24-J24) -> -8 | L23: =K23+L22 -> -576 | P23: 1
A24: 1 | C24: 46246 | D24: Quarta-feira | I24: =((H24-E24)-(G24-F24))*24 -> 0 | J24: ='Não Apagar'!$J$3 -> 8 | K24: =IF(I25=0,-'Não Apagar'!$J$3,I25-J25) -> -8 | L24: =K24+L23 -> -584 | P24: 1
A25: 1 | C25: 46247 | D25: Quinta-feira | I25: =((H25-E25)-(G25-F25))*24 -> 0 | J25: ='Não Apagar'!$J$3 -> 8 | K25: =IF(I26=0,-'Não Apagar'!$J$3,I26-J26) -> -8 | L25: =K25+L24 -> -592 | P25: 1
A26: 1 | C26: 46248 | D26: Sexta-feira | I26: =((H26-E26)-(G26-F26))*24 -> 0 | J26: ='Não Apagar'!$J$3 -> 8 | K26: =IF(I27=0,-'Não Apagar'!$J$3,I27-J27) -> -8 | L26: =K26+L25 -> -600 | P26: 1
A27: 1 | C27: 46249 | D27: Sábado | P27: 1
A28: 1 | C28: 46250 | D28: Domingo | P28: 1
A29: 1 | C29: 46251 | D29: Segunda-feira | I29: =((H29-E29)-(G29-F29))*24 -> 0 | J29: ='Não Apagar'!$J$3 -> 8 | K29: =IF(I30=0,-'Não Apagar'!$J$3,I30-J30) -> -8 | L29: =K29+L26 -> -608 | P29: 1
A30: 1 | C30: 46252 | D30: Terça-feira | I30: =((H30-E30)-(G30-F30))*24 -> 0 | J30: ='Não Apagar'!$J$3 -> 8 | K30: =IF(I31=0,-'Não Apagar'!$J$3,I31-J31) -> -8 | L30: =K30+L29 -> -616 | P30: 1
A31: 1 | C31: 46253 | D31: Quarta-feira | I31: =((H31-E31)-(G31-F31))*24 -> 0 | J31: ='Não Apagar'!$J$3 -> 8 | K31: =IF(I32=0,-'Não Apagar'!$J$3,I32-J32) -> -8 | L31: =K31+L30 -> -624 | P31: 1
A32: 1 | C32: 46254 | D32: Quinta-feira | I32: =((H32-E32)-(G32-F32))*24 -> 0 | J32: ='Não Apagar'!$J$3 -> 8 | K32: =IF(I33=0,-'Não Apagar'!$J$3,I33-J33) -> -8 | L32: =K32+L31 -> -632 | P32: 1
A33: 1 | C33: 46255 | D33: Sexta-feira | I33: =((H33-E33)-(G33-F33))*24 -> 0 | J33: ='Não Apagar'!$J$3 -> 8 | K33: =IF(I34=0,-'Não Apagar'!$J$3,I34-J34) -> -8 | L33: =K33+L32 -> -640 | P33: 1
A34: 1 | C34: 46256 | D34: Sábado | P34: 1
A35: 1 | C35: 46257 | D35: Domingo | P35: 1
A36: 1 | C36: 46258 | D36: Segunda-feira | I36: =((H36-E36)-(G36-F36))*24 -> 0 | J36: ='Não Apagar'!$J$3 -> 8 | K36: =IF(I37=0,-'Não Apagar'!$J$3,I37-J37) -> -8 | L36: =K36+L33 -> -648 | P36: 1
A37: 1 | C37: 46259 | D37: Terça-feira | I37: =((H37-E37)-(G37-F37))*24 -> 0 | J37: ='Não Apagar'!$J$3 -> 8 | K37: =IF(I38=0,-'Não Apagar'!$J$3,I38-J38) -> -8 | L37: =K37+L36 -> -656 | P37: 1
A38: 1 | C38: 46260 | D38: Quarta-feira | I38: =((H38-E38)-(G38-F38))*24 -> 0 | J38: ='Não Apagar'!$J$3 -> 8 | K38: =IF(I39=0,-'Não Apagar'!$J$3,I39-J39) -> -8 | L38: =K38+L37 -> -664 | P38: 1
A39: 1 | C39: 46261 | D39: Quinta-feira | I39: =((H39-E39)-(G39-F39))*24 -> 0 | J39: ='Não Apagar'!$J$3 -> 8 | K39: =IF(I40=0,-'Não Apagar'!$J$3,I40-J40) -> -8 | L39: =K39+L38 -> -672 | P39: 1
A40: 1 | C40: 46262 | D40: Sexta-feira | I40: =((H40-E40)-(G40-F40))*24 -> 0 | J40: ='Não Apagar'!$J$3 -> 8 | K40: =IF(I41=0,-'Não Apagar'!$J$3,I41-J41) -> -8 | L40: =K40+L39 -> -680 | P40: 1
A41: 1 | C41: 46263 | D41: Sábado | P41: 1
A42: 1 | C42: 46264 | D42: Domingo | P42: 1
A43: 1 | C43: 46265 | D43: Segunda-feira | P43: 1
A44: 1 | P44: 1
A45: 1 | P45: 1
A46: 1 | J46: Saldo Banco de Horas | L46: =L40 -> -680 | P46: 1
A53: 1 | P53: 1
A54: 1 | C54: =TODAY() -> 46037 | P54: 1
A55: 1 | P55: 1
A56: 1 | P56: 1
A57: 1 | P57: 1
A58: 1 | P58: 1
A59: 1 | P59: 1
A60: 1 | P60: 1
A61: 1 | P61: 1
A62: 1 | B62: 1 | C62: 1 | D62: 1 | E62: 1 | F62: 1 | G62: 1 | H62: 1 | I62: 1 | J62: 1 | K62: 1 | L62: 1 | M62: 1 | N62: 1 | O62: 1 | P62: 1

Sheet Set.26
A1: 1 | B1: 1 | C1: 1 | D1: 1 | E1: 1 | F1: 1 | G1: 1 | H1: 1 | I1: 1 | J1: 1 | K1: 1 | L1: 1 | M1: 1 | N1: 1 | O1: 1 | P1: 1
C3: Bluzz Saúde Ltda.
A4: 1 | C4: CNPJ | D4: 54.557.861/0001-02 | P4: 1
A5: 1 | C5: Colaborador | P5: 1
A6: 1 | C6: Mês Competência | D6: Set.26 | P6: 1
A7: 1 | P7: 1
A8: 1 | P8: 1
A9: 1 | P9: 1
A10: 1 | P10: 1
A11: 1 | C11: SETEMBRO - CONTROLE DE PONTO | P11: 1
A12: 1 | C12: Data | D12: Dia da semana | E12: Entrada | F12: Saída Almoço | G12: Retorno Almoço | H12: Saída | I12: Horas Trabalhadas | J12: Horas Normais | K12: Horas Extras | L12: Banco de Horas | P12: 1
A13: 1 | C13: 46266 | D13: Terça-feira | I13: =((H13-E13)-(G13-F13))*24 -> 0 | J13: ='Não Apagar'!$J$3 -> 8 | K13: =IF(I14=0,-'Não Apagar'!$J$3,I14-J14) -> -8 | L13: =K13+Ago.26!L46 -> -688 | P13: 1
A14: 1 | C14: 46267 | D14: Quarta-feira | I14: =((H14-E14)-(G14-F14))*24 -> 0 | J14: ='Não Apagar'!$J$3 -> 8 | K14: =IF(I15=0,-'Não Apagar'!$J$3,I15-J15) -> -8 | L14: =K14+L13 -> -696 | P14: 1
A15: 1 | C15: 46268 | D15: Quinta-feira | I15: =((H15-E15)-(G15-F15))*24 -> 0 | J15: ='Não Apagar'!$J$3 -> 8 | K15: =IF(I16=0,-'Não Apagar'!$J$3,I16-J16) -> -8 | L15: =K15+L14 -> -704 | P15: 1
A16: 1 | C16: 46269 | D16: Sexta-feira | I16: =((H16-E16)-(G16-F16))*24 -> 0 | J16: ='Não Apagar'!$J$3 -> 8 | K16: =IF(I17=0,-'Não Apagar'!$J$3,I17-J17) -> -8 | L16: =K16+L15 -> -712 | P16: 1
A17: 1 | C17: 46270 | D17: Sábado | P17: 1
A18: 1 | C18: 46271 | D18: Domingo | P18: 1
A19: 1 | C19: 46272 | D19: Segunda-feira | I19: =((H19-E19)-(G19-F19))*24 -> 0 | J19: ='Não Apagar'!$J$3 -> 8 | K19: =IF(I20=0,-'Não Apagar'!$J$3,I20-J20) -> -8 | L19: =K19+L16 -> -720 | P19: 1
A20: 1 | C20: 46273 | D20: Terça-feira | I20: =((H20-E20)-(G20-F20))*24 -> 0 | J20: ='Não Apagar'!$J$3 -> 8 | K20: =IF(I21=0,-'Não Apagar'!$J$3,I21-J21) -> -8 | L20: =K20+L19 -> -728 | P20: 1
A21: 1 | C21: 46274 | D21: Quarta-feira | I21: =((H21-E21)-(G21-F21))*24 -> 0 | J21: ='Não Apagar'!$J$3 -> 8 | K21: =IF(I22=0,-'Não Apagar'!$J$3,I22-J22) -> -8 | L21: =K21+L20 -> -736 | P21: 1
A22: 1 | C22: 46275 | D22: Quinta-feira | I22: =((H22-E22)-(G22-F22))*24 -> 0 | J22: ='Não Apagar'!$J$3 -> 8 | K22: =IF(I23=0,-'Não Apagar'!$J$3,I23-J23) -> -8 | L22: =K22+L21 -> -744 | P22: 1
A23: 1 | C23: 46276 | D23: Sexta-feira | I23: =((H23-E23)-(G23-F23))*24 -> 0 | J23: ='Não Apagar'!$J$3 -> 8 | K23: =IF(I24=0,-'Não Apagar'!$J$3,I24-J24) -> -8 | L23: =K23+L22 -> -752 | P23: 1
A24: 1 | C24: 46277 | D24: Sábado | P24: 1
A25: 1 | C25: 46278 | D25: Domingo | P25: 1
A26: 1 | C26: 46279 | D26: Segunda-feira | I26: =((H26-E26)-(G26-F26))*24 -> 0 | J26: ='Não Apagar'!$J$3 -> 8 | K26: =IF(I27=0,-'Não Apagar'!$J$3,I27-J27) -> -8 | L26: =K26+L23 -> -760 | P26: 1
A27: 1 | C27: 46280 | D27: Terça-feira | I27: =((H27-E27)-(G27-F27))*24 -> 0 | J27: ='Não Apagar'!$J$3 -> 8 | K27: =IF(I28=0,-'Não Apagar'!$J$3,I28-J28) -> -8 | L27: =K27+L26 -> -768 | P27: 1
A28: 1 | C28: 46281 | D28: Quarta-feira | I28: =((H28-E28)-(G28-F28))*24 -> 0 | J28: ='Não Apagar'!$J$3 -> 8 | K28: =IF(I29=0,-'Não Apagar'!$J$3,I29-J29) -> -8 | L28: =K28+L27 -> -776 | P28: 1
A29: 1 | C29: 46282 | D29: Quinta-feira | I29: =((H29-E29)-(G29-F29))*24 -> 0 | J29: ='Não Apagar'!$J$3 -> 8 | K29: =IF(I30=0,-'Não Apagar'!$J$3,I30-J30) -> -8 | L29: =K29+L28 -> -784 | P29: 1
A30: 1 | C30: 46283 | D30: Sexta-feira | I30: =((H30-E30)-(G30-F30))*24 -> 0 | J30: ='Não Apagar'!$J$3 -> 8 | K30: =IF(I31=0,-'Não Apagar'!$J$3,I31-J31) -> -8 | L30: =K30+L29 -> -792 | P30: 1
A31: 1 | C31: 46284 | D31: Sábado | P31: 1
A32: 1 | C32: 46285 | D32: Domingo | P32: 1
A33: 1 | C33: 46286 | D33: Segunda-feira | I33: =((H33-E33)-(G33-F33))*24 -> 0 | J33: ='Não Apagar'!$J$3 -> 8 | K33: =IF(I34=0,-'Não Apagar'!$J$3,I34-J34) -> -8 | L33: =K33+L30 -> -800 | P33: 1
A34: 1 | C34: 46287 | D34: Terça-feira | I34: =((H34-E34)-(G34-F34))*24 -> 0 | J34: ='Não Apagar'!$J$3 -> 8 | K34: =IF(I35=0,-'Não Apagar'!$J$3,I35-J35) -> -8 | L34: =K34+L33 -> -808 | P34: 1
A35: 1 | C35: 46288 | D35: Quarta-feira | I35: =((H35-E35)-(G35-F35))*24 -> 0 | J35: ='Não Apagar'!$J$3 -> 8 | K35: =IF(I36=0,-'Não Apagar'!$J$3,I36-J36) -> -8 | L35: =K35+L34 -> -816 | P35: 1
A36: 1 | C36: 46289 | D36: Quinta-feira | I36: =((H36-E36)-(G36-F36))*24 -> 0 | J36: ='Não Apagar'!$J$3 -> 8 | K36: =IF(I37=0,-'Não Apagar'!$J$3,I37-J37) -> -8 | L36: =K36+L35 -> -824 | P36: 1
A37: 1 | C37: 46290 | D37: Sexta-feira | I37: =((H37-E37)-(G37-F37))*24 -> 0 | J37: ='Não Apagar'!$J$3 -> 8 | K37: =IF(I38=0,-'Não Apagar'!$J$3,I38-J38) -> -8 | L37: =K37+L36 -> -832 | P37: 1
A38: 1 | C38: 46291 | D38: Sábado | P38: 1
A39: 1 | C39: 46292 | D39: Domingo | P39: 1
A40: 1 | C40: 46293 | D40: Segunda-feira | I40: =((H40-E40)-(G40-F40))*24 -> 0 | J40: ='Não Apagar'!$J$3 -> 8 | K40: =IF(I41=0,-'Não Apagar'!$J$3,I41-J41) -> -8 | L40: =K40+L37 -> -840 | P40: 1
A41: 1 | C41: 46294 | D41: Terça-feira | I41: =((H41-E41)-(G41-F41))*24 -> 0 | J41: ='Não Apagar'!$J$3 -> 8 | K41: =IF(I42=0,-'Não Apagar'!$J$3,I42-J42) -> -8 | L41: =K41+L40 -> -848 | P41: 1
A42: 1 | C42: 46295 | D42: Quarta-feira | I42: =((H42-E42)-(G42-F42))*24 -> 0 | J42: ='Não Apagar'!$J$3 -> 8 | K42: =IF(I43=0,-'Não Apagar'!$J$3,I43-J43) -> -8 | L42: =K42+L41 -> -856 | P42: 1
A43: 1 | P43: 1
A44: 1 | P44: 1
A45: 1 | P45: 1
A46: 1 | J46: Saldo Banco de Horas | L46: =L42 -> -856 | P46: 1
A53: 1 | P53: 1
A54: 1 | C54: =TODAY() -> 46037 | P54: 1
A55: 1 | P55: 1
A56: 1 | P56: 1
A57: 1 | P57: 1
A58: 1 | P58: 1
A59: 1 | P59: 1
A60: 1 | P60: 1
A61: 1 | P61: 1
A62: 1 | B62: 1 | C62: 1 | D62: 1 | E62: 1 | F62: 1 | G62: 1 | H62: 1 | I62: 1 | J62: 1 | K62: 1 | L62: 1 | M62: 1 | N62: 1 | O62: 1 | P62: 1

Sheet Out.26
A1: 1 | B1: 1 | C1: 1 | D1: 1 | E1: 1 | F1: 1 | G1: 1 | H1: 1 | I1: 1 | J1: 1 | K1: 1 | L1: 1 | M1: 1 | N1: 1 | O1: 1 | P1: 1
C3: Bluzz Saúde Ltda.
A4: 1 | C4: CNPJ | D4: 54.557.861/0001-02 | P4: 1
A5: 1 | C5: Colaborador | P5: 1
A6: 1 | C6: Mês Competência | D6: Out.26 | P6: 1
A7: 1 | P7: 1
A8: 1 | P8: 1
A9: 1 | P9: 1
A10: 1 | P10: 1
A11: 1 | C11: OUTUBRO - CONTROLE DE PONTO | P11: 1
A12: 1 | C12: Data | D12: Dia da semana | E12: Entrada | F12: Saída Almoço | G12: Retorno Almoço | H12: Saída | I12: Horas Trabalhadas | J12: Horas Normais | K12: Horas Extras | L12: Banco de Horas | P12: 1
A13: 1 | C13: 46296 | D13: Quinta-feira | I13: =((H13-E13)-(G13-F13))*24 -> 0 | J13: ='Não Apagar'!$J$3 -> 8 | K13: =IF(I13=0,-'Não Apagar'!$J$3,I13-J13) -> -8 | L13: =K13+Set.26!L46 -> -864 | P13: 1
A14: 1 | C14: 46297 | D14: Sexta-feira | I14: =((H14-E14)-(G14-F14))*24 -> 0 | J14: ='Não Apagar'!$J$3 -> 8 | K14: =IF(I14=0,-'Não Apagar'!$J$3,I14-J14) -> -8 | L14: =K14+L13 -> -872 | P14: 1
A15: 1 | C15: 46298 | D15: Sábado | P15: 1
A16: 1 | C16: 46299 | D16: Domingo | P16: 1
A17: 1 | C17: 46300 | D17: Segunda-feira | I17: =((H17-E17)-(G17-F17))*24 -> 0 | J17: ='Não Apagar'!$J$3 -> 8 | K17: =IF(I17=0,-'Não Apagar'!$J$3,I17-J17) -> -8 | L17: =K17+L14 -> -880 | P17: 1
A18: 1 | C18: 46301 | D18: Terça-feira | I18: =((H18-E18)-(G18-F18))*24 -> 0 | J18: ='Não Apagar'!$J$3 -> 8 | K18: =IF(I18=0,-'Não Apagar'!$J$3,I18-J18) -> -8 | L18: =K18+L17 -> -888 | P18: 1
A19: 1 | C19: 46302 | D19: Quarta-feira | I19: =((H19-E19)-(G19-F19))*24 -> 0 | J19: ='Não Apagar'!$J$3 -> 8 | K19: =IF(I19=0,-'Não Apagar'!$J$3,I19-J19) -> -8 | L19: =K19+L18 -> -896 | P19: 1
A20: 1 | C20: 46303 | D20: Quinta-feira | I20: =((H20-E20)-(G20-F20))*24 -> 0 | J20: ='Não Apagar'!$J$3 -> 8 | K20: =IF(I20=0,-'Não Apagar'!$J$3,I20-J20) -> -8 | L20: =K20+L19 -> -904 | P20: 1
A21: 1 | C21: 46304 | D21: Sexta-feira | I21: =((H21-E21)-(G21-F21))*24 -> 0 | J21: ='Não Apagar'!$J$3 -> 8 | K21: =IF(I21=0,-'Não Apagar'!$J$3,I21-J21) -> -8 | L21: =K21+L20 -> -912 | P21: 1
A22: 1 | C22: 46305 | D22: Sábado | P22: 1
A23: 1 | C23: 46306 | D23: Domingo | P23: 1
A24: 1 | C24: 46307 | D24: Segunda-feira | I24: =((H24-E24)-(G24-F24))*24 -> 0 | J24: ='Não Apagar'!$J$3 -> 8 | K24: =IF(I24=0,-'Não Apagar'!$J$3,I24-J24) -> -8 | L24: =K24+L21 -> -920 | P24: 1
A25: 1 | C25: 46308 | D25: Terça-feira | I25: =((H25-E25)-(G25-F25))*24 -> 0 | J25: ='Não Apagar'!$J$3 -> 8 | K25: =IF(I25=0,-'Não Apagar'!$J$3,I25-J25) -> -8 | L25: =K25+L24 -> -928 | P25: 1
A26: 1 | C26: 46309 | D26: Quarta-feira | I26: =((H26-E26)-(G26-F26))*24 -> 0 | J26: ='Não Apagar'!$J$3 -> 8 | K26: =IF(I26=0,-'Não Apagar'!$J$3,I26-J26) -> -8 | L26: =K26+L25 -> -936 | P26: 1
A27: 1 | C27: 46310 | D27: Quinta-feira | I27: =((H27-E27)-(G27-F27))*24 -> 0 | J27: ='Não Apagar'!$J$3 -> 8 | K27: =IF(I27=0,-'Não Apagar'!$J$3,I27-J27) -> -8 | L27: =K27+L26 -> -944 | P27: 1
A28: 1 | C28: 46311 | D28: Sexta-feira | I28: =((H28-E28)-(G28-F28))*24 -> 0 | J28: ='Não Apagar'!$J$3 -> 8 | K28: =IF(I28=0,-'Não Apagar'!$J$3,I28-J28) -> -8 | L28: =K28+L27 -> -952 | P28: 1
A29: 1 | C29: 46312 | D29: Sábado | P29: 1
A30: 1 | C30: 46313 | D30: Domingo | P30: 1
A31: 1 | C31: 46314 | D31: Segunda-feira | I31: =((H31-E31)-(G31-F31))*24 -> 0 | J31: ='Não Apagar'!$J$3 -> 8 | K31: =IF(I31=0,-'Não Apagar'!$J$3,I31-J31) -> -8 | L31: =K31+L28 -> -960 | P31: 1
A32: 1 | C32: 46315 | D32: Terça-feira | I32: =((H32-E32)-(G32-F32))*24 -> 0 | J32: ='Não Apagar'!$J$3 -> 8 | K32: =IF(I32=0,-'Não Apagar'!$J$3,I32-J32) -> -8 | L32: =K32+L31 -> -968 | P32: 1
A33: 1 | C33: 46316 | D33: Quarta-feira | I33: =((H33-E33)-(G33-F33))*24 -> 0 | J33: ='Não Apagar'!$J$3 -> 8 | K33: =IF(I33=0,-'Não Apagar'!$J$3,I33-J33) -> -8 | L33: =K33+L32 -> -976 | P33: 1
A34: 1 | C34: 46317 | D34: Quinta-feira | I34: =((H34-E34)-(G34-F34))*24 -> 0 | J34: ='Não Apagar'!$J$3 -> 8 | K34: =IF(I34=0,-'Não Apagar'!$J$3,I34-J34) -> -8 | L34: =K34+L33 -> -984 | P34: 1
A35: 1 | C35: 46318 | D35: Sexta-feira | I35: =((H35-E35)-(G35-F35))*24 -> 0 | J35: ='Não Apagar'!$J$3 -> 8 | K35: =IF(I35=0,-'Não Apagar'!$J$3,I35-J35) -> -8 | L35: =K35+L34 -> -992 | P35: 1
A36: 1 | C36: 46319 | D36: Sábado | P36: 1
A37: 1 | C37: 46320 | D37: Domingo | P37: 1
A38: 1 | C38: 46321 | D38: Segunda-feira | I38: =((H38-E38)-(G38-F38))*24 -> 0 | J38: ='Não Apagar'!$J$3 -> 8 | K38: =IF(I38=0,-'Não Apagar'!$J$3,I38-J38) -> -8 | L38: =K38+L34 -> -992 | P38: 1
A39: 1 | C39: 46322 | D39: Terça-feira | I39: =((H39-E39)-(G39-F39))*24 -> 0 | J39: ='Não Apagar'!$J$3 -> 8 | K39: =IF(I39=0,-'Não Apagar'!$J$3,I39-J39) -> -8 | L39: =K39+L35 -> -1000 | P39: 1
A40: 1 | C40: 46323 | D40: Quarta-feira | I40: =((H40-E40)-(G40-F40))*24 -> 0 | J40: ='Não Apagar'!$J$3 -> 8 | K40: =IF(I40=0,-'Não Apagar'!$J$3,I40-J40) -> -8 | L40: =K40+L39 -> -1008 | P40: 1
A41: 1 | C41: 46324 | D41: Quinta-feira | I41: =((H41-E41)-(G41-F41))*24 -> 0 | J41: ='Não Apagar'!$J$3 -> 8 | K41: =IF(I41=0,-'Não Apagar'!$J$3,I41-J41) -> -8 | L41: =K41+L40 -> -1016 | P41: 1
A42: 1 | C42: 46325 | D42: Sexta-feira | I42: =((H42-E42)-(G42-F42))*24 -> 0 | J42: ='Não Apagar'!$J$3 -> 8 | K42: =IF(I42=0,-'Não Apagar'!$J$3,I42-J42) -> -8 | L42: =K42+L41 -> -1024 | P42: 1
A43: 1 | C43: 46326 | D43: Sábado | P43: 1
A44: 1 | P44: 1
A45: 1 | P45: 1
A46: 1 | J46: Saldo Banco de Horas | L46: =L42 -> -1024 | P46: 1
A53: 1 | P53: 1
A54: 1 | C54: =TODAY() -> 46037 | P54: 1
A55: 1 | P55: 1
A56: 1 | P56: 1
A57: 1 | P57: 1
A58: 1 | P58: 1
A59: 1 | P59: 1
A60: 1 | P60: 1
A61: 1 | P61: 1
A62: 1 | B62: 1 | C62: 1 | D62: 1 | E62: 1 | F62: 1 | G62: 1 | H62: 1 | I62: 1 | J62: 1 | K62: 1 | L62: 1 | M62: 1 | N62: 1 | O62: 1 | P62: 1

Sheet Nov.26
A1: 1 | B1: 1 | C1: 1 | D1: 1 | E1: 1 | F1: 1 | G1: 1 | H1: 1 | I1: 1 | J1: 1 | K1: 1 | L1: 1 | M1: 1 | N1: 1 | O1: 1 | P1: 1
C3: Bluzz Saúde Ltda.
A4: 1 | C4: CNPJ | D4: 54.557.861/0001-02 | P4: 1
A5: 1 | C5: Colaborador | P5: 1
A6: 1 | C6: Mês Competência | D6: Nov.26 | P6: 1
A7: 1 | P7: 1
A8: 1 | P8: 1
A9: 1 | P9: 1
A10: 1 | P10: 1
A11: 1 | C11: NOVEMBRO - CONTROLE DE PONTO | P11: 1
A12: 1 | C12: Data | D12: Dia da semana | E12: Entrada | F12: Saída Almoço | G12: Retorno Almoço | H12: Saída | I12: Horas Trabalhadas | J12: Horas Normais | K12: Horas Extras | L12: Banco de Horas | P12: 1
A13: 1 | C13: 46327 | D13: Domingo | P13: 1
A14: 1 | C14: 46328 | D14: Segunda-feira | I14: =((H14-E14)-(G14-F14))*24 -> 0 | J14: ='Não Apagar'!$J$3 -> 8 | K14: =IF(I14=0,-'Não Apagar'!$J$3,I14-J14) -> -8 | L14: =K14+Out.26!L46 -> -1032 | P14: 1
A15: 1 | C15: 46329 | D15: Terça-feira | I15: =((H15-E15)-(G15-F15))*24 -> 0 | J15: ='Não Apagar'!$J$3 -> 8 | K15: =IF(I15=0,-'Não Apagar'!$J$3,I15-J15) -> -8 | L15: =K15+L14 -> -1040 | P15: 1
A16: 1 | C16: 46330 | D16: Quarta-feira | I16: =((H16-E16)-(G16-F16))*24 -> 0 | J16: ='Não Apagar'!$J$3 -> 8 | K16: =IF(I16=0,-'Não Apagar'!$J$3,I16-J16) -> -8 | L16: =K16+L15 -> -1048 | P16: 1
A17: 1 | C17: 46331 | D17: Quinta-feira | I17: =((H17-E17)-(G17-F17))*24 -> 0 | J17: ='Não Apagar'!$J$3 -> 8 | K17: =IF(I17=0,-'Não Apagar'!$J$3,I17-J17) -> -8 | L17: =K17+L16 -> -1056 | P17: 1
A18: 1 | C18: 46332 | D18: Sexta-feira | I18: =((H18-E18)-(G18-F18))*24 -> 0 | J18: ='Não Apagar'!$J$3 -> 8 | K18: =IF(I18=0,-'Não Apagar'!$J$3,I18-J18) -> -8 | L18: =K18+L17 -> -1064 | P18: 1
A19: 1 | C19: 46333 | D19: Sábado | P19: 1
A20: 1 | C20: 46334 | D20: Domingo | P20: 1
A21: 1 | C21: 46335 | D21: Segunda-feira | I21: =((H21-E21)-(G21-F21))*24 -> 0 | J21: ='Não Apagar'!$J$3 -> 8 | K21: =IF(I21=0,-'Não Apagar'!$J$3,I21-J21) -> -8 | L21: =K21+L18 -> -1072 | P21: 1
A22: 1 | C22: 46336 | D22: Terça-feira | I22: =((H22-E22)-(G22-F22))*24 -> 0 | J22: ='Não Apagar'!$J$3 -> 8 | K22: =IF(I22=0,-'Não Apagar'!$J$3,I22-J22) -> -8 | L22: =K22+L21 -> -1080 | P22: 1
A23: 1 | C23: 46337 | D23: Quarta-feira | I23: =((H23-E23)-(G23-F23))*24 -> 0 | J23: ='Não Apagar'!$J$3 -> 8 | K23: =IF(I23=0,-'Não Apagar'!$J$3,I23-J23) -> -8 | L23: =K23+L22 -> -1088 | P23: 1
A24: 1 | C24: 46338 | D24: Quinta-feira | I24: =((H24-E24)-(G24-F24))*24 -> 0 | J24: ='Não Apagar'!$J$3 -> 8 | K24: =IF(I24=0,-'Não Apagar'!$J$3,I24-J24) -> -8 | L24: =K24+L23 -> -1096 | P24: 1
A25: 1 | C25: 46339 | D25: Sexta-feira | I25: =((H25-E25)-(G25-F25))*24 -> 0 | J25: ='Não Apagar'!$J$3 -> 8 | K25: =IF(I25=0,-'Não Apagar'!$J$3,I25-J25) -> -8 | L25: =K25+L24 -> -1104 | P25: 1
A26: 1 | C26: 46340 | D26: Sábado | P26: 1
A27: 1 | C27: 46341 | D27: Domingo | P27: 1
A28: 1 | C28: 46342 | D28: Segunda-feira | I28: =((H28-E28)-(G28-F28))*24 -> 0 | J28: ='Não Apagar'!$J$3 -> 8 | K28: =IF(I28=0,-'Não Apagar'!$J$3,I28-J28) -> -8 | L28: =K28+L25 -> -1112 | P28: 1
A29: 1 | C29: 46343 | D29: Terça-feira | I29: =((H29-E29)-(G29-F29))*24 -> 0 | J29: ='Não Apagar'!$J$3 -> 8 | K29: =IF(I29=0,-'Não Apagar'!$J$3,I29-J29) -> -8 | L29: =K29+L28 -> -1120 | P29: 1
A30: 1 | C30: 46344 | D30: Quarta-feira | I30: =((H30-E30)-(G30-F30))*24 -> 0 | J30: ='Não Apagar'!$J$3 -> 8 | K30: =IF(I30=0,-'Não Apagar'!$J$3,I30-J30) -> -8 | L30: =K30+L29 -> -1128 | P30: 1
A31: 1 | C31: 46345 | D31: Quinta-feira | I31: =((H31-E31)-(G31-F31))*24 -> 0 | J31: ='Não Apagar'!$J$3 -> 8 | K31: =IF(I31=0,-'Não Apagar'!$J$3,I31-J31) -> -8 | L31: =K31+L30 -> -1136 | P31: 1
A32: 1 | C32: 46346 | D32: Sexta-feira | I32: =((H32-E32)-(G32-F32))*24 -> 0 | J32: ='Não Apagar'!$J$3 -> 8 | K32: =IF(I32=0,-'Não Apagar'!$J$3,I32-J32) -> -8 | L32: =K32+L31 -> -1144 | P32: 1
A33: 1 | C33: 46347 | D33: Sábado | P33: 1
A34: 1 | C34: 46348 | D34: Domingo | P34: 1
A35: 1 | C35: 46349 | D35: Segunda-feira | I35: =((H35-E35)-(G35-F35))*24 -> 0 | J35: ='Não Apagar'!$J$3 -> 8 | K35: =IF(I35=0,-'Não Apagar'!$J$3,I35-J35) -> -8 | L35: =K35+L32 -> -1152 | P35: 1
A36: 1 | C36: 46350 | D36: Terça-feira | I36: =((H36-E36)-(G36-F36))*24 -> 0 | J36: ='Não Apagar'!$J$3 -> 8 | K36: =IF(I36=0,-'Não Apagar'!$J$3,I36-J36) -> -8 | L36: =K36+L35 -> -1160 | P36: 1
A37: 1 | C37: 46351 | D37: Quarta-feira | I37: =((H37-E37)-(G37-F37))*24 -> 0 | J37: ='Não Apagar'!$J$3 -> 8 | K37: =IF(I37=0,-'Não Apagar'!$J$3,I37-J37) -> -8 | L37: =K37+L36 -> -1168 | P37: 1
A38: 1 | C38: 46352 | D38: Quinta-feira | I38: =((H38-E38)-(G38-F38))*24 -> 0 | J38: ='Não Apagar'!$J$3 -> 8 | K38: =IF(I38=0,-'Não Apagar'!$J$3,I38-J38) -> -8 | L38: =K38+L37 -> -1176 | P38: 1
A39: 1 | C39: 46353 | D39: Sexta-feira | I39: =((H39-E39)-(G39-F39))*24 -> 0 | J39: ='Não Apagar'!$J$3 -> 8 | K39: =IF(I39=0,-'Não Apagar'!$J$3,I39-J39) -> -8 | L39: =K39+L38 -> -1184 | P39: 1
A40: 1 | C40: 46354 | D40: Sábado | P40: 1
A41: 1 | C41: 46355 | D41: Domingo | P41: 1
A42: 1 | C42: 46356 | D42: Segunda-feira | I42: =((H42-E42)-(G42-F42))*24 -> 0 | J42: ='Não Apagar'!$J$3 -> 8 | K42: =IF(I42=0,-'Não Apagar'!$J$3,I42-J42) -> -8 | L42: =K42+L39 -> -1192 | P42: 1
A43: 1 | C43: 46112 | D43: Terça-feira | I43: =((H43-E43)-(G43-F43))*24 -> 0 | J43: ='Não Apagar'!$J$3 -> 8 | K43: =IF(I43=0,-'Não Apagar'!$J$3,I43-J43) -> -8 | L43: =K43+L42 -> -1200 | P43: 1
A44: 1 | P44: 1
A45: 1 | P45: 1
A46: 1 | J46: Saldo Banco de Horas | L46: =L43 -> -1200 | P46: 1
A53: 1 | P53: 1
A54: 1 | C54: =TODAY() -> 46037 | P54: 1
A55: 1 | P55: 1
A56: 1 | P56: 1
A57: 1 | P57: 1
A58: 1 | P58: 1
A59: 1 | P59: 1
A60: 1 | P60: 1
A61: 1 | P61: 1
A62: 1 | B62: 1 | C62: 1 | D62: 1 | E62: 1 | F62: 1 | G62: 1 | H62: 1 | I62: 1 | J62: 1 | K62: 1 | L62: 1 | M62: 1 | N62: 1 | O62: 1 | P62: 1

Sheet Dez.26
A1: 1 | B1: 1 | C1: 1 | D1: 1 | E1: 1 | F1: 1 | G1: 1 | H1: 1 | I1: 1 | J1: 1 | K1: 1 | L1: 1 | M1: 1 | N1: 1 | O1: 1 | P1: 1
C3: Bluzz Saúde Ltda.
A4: 1 | C4: CNPJ | D4: 54.557.861/0001-02 | P4: 1
A5: 1 | C5: Colaborador | P5: 1
A6: 1 | C6: Mês Competência | D6: Dez.26 | P6: 1
A7: 1 | P7: 1
A8: 1 | P8: 1
A9: 1 | P9: 1
A10: 1 | P10: 1
A11: 1 | C11: DEZEMBRO - CONTROLE DE PONTO | P11: 1
A12: 1 | C12: Data | D12: Dia da semana | E12: Entrada | F12: Saída Almoço | G12: Retorno Almoço | H12: Saída | I12: Horas Trabalhadas | J12: Horas Normais | K12: Horas Extras | L12: Banco de Horas | P12: 1
A13: 1 | C13: 46357 | D13: Terça-feira | I13: =((H13-E13)-(G13-F13))*24 -> 0 | J13: ='Não Apagar'!$J$3 -> 8 | K13: =IF(I14=0,-'Não Apagar'!$J$3,I14-J14) -> -8 | L13: =K13+Nov.26!L46 -> -1208 | P13: 1
A14: 1 | C14: 46358 | D14: Quarta-feira | I14: =((H14-E14)-(G14-F14))*24 -> 0 | J14: ='Não Apagar'!$J$3 -> 8 | K14: =IF(I15=0,-'Não Apagar'!$J$3,I15-J15) -> -8 | L14: =K14+L13 -> -1216 | P14: 1
A15: 1 | C15: 46359 | D15: Quinta-feira | I15: =((H15-E15)-(G15-F15))*24 -> 0 | J15: ='Não Apagar'!$J$3 -> 8 | K15: =IF(I16=0,-'Não Apagar'!$J$3,I16-J16) -> -8 | L15: =K15+L14 -> -1224 | P15: 1
A16: 1 | C16: 46360 | D16: Sexta-feira | I16: =((H16-E16)-(G16-F16))*24 -> 0 | J16: ='Não Apagar'!$J$3 -> 8 | K16: =IF(I17=0,-'Não Apagar'!$J$3,I17-J17) -> -8 | L16: =K16+L15 -> -1232 | P16: 1
A17: 1 | C17: 46361 | D17: Sábado | P17: 1
A18: 1 | C18: 46362 | D18: Domingo | P18: 1
A19: 1 | C19: 46363 | D19: Segunda-feira | I19: =((H19-E19)-(G19-F19))*24 -> 0 | J19: ='Não Apagar'!$J$3 -> 8 | K19: =IF(I20=0,-'Não Apagar'!$J$3,I20-J20) -> -8 | L19: =K19+L16 -> -1240 | P19: 1
A20: 1 | C20: 46364 | D20: Terça-feira | I20: =((H20-E20)-(G20-F20))*24 -> 0 | J20: ='Não Apagar'!$J$3 -> 8 | K20: =IF(I21=0,-'Não Apagar'!$J$3,I21-J21) -> -8 | L20: =K20+L19 -> -1248 | P20: 1
A21: 1 | C21: 46365 | D21: Quarta-feira | I21: =((H21-E21)-(G21-F21))*24 -> 0 | J21: ='Não Apagar'!$J$3 -> 8 | K21: =IF(I22=0,-'Não Apagar'!$J$3,I22-J22) -> -8 | L21: =K21+L20 -> -1256 | P21: 1
A22: 1 | C22: 46366 | D22: Quinta-feira | I22: =((H22-E22)-(G22-F22))*24 -> 0 | J22: ='Não Apagar'!$J$3 -> 8 | K22: =IF(I23=0,-'Não Apagar'!$J$3,I23-J23) -> -8 | L22: =K22+L21 -> -1264 | P22: 1
A23: 1 | C23: 46367 | D23: Sexta-feira | I23: =((H23-E23)-(G23-F23))*24 -> 0 | J23: ='Não Apagar'!$J$3 -> 8 | K23: =IF(I24=0,-'Não Apagar'!$J$3,I24-J24) -> -8 | L23: =K23+L22 -> -1272 | P23: 1
A24: 1 | C24: 46368 | D24: Sábado | P24: 1
A25: 1 | C25: 46369 | D25: Domingo | P25: 1
A26: 1 | C26: 46370 | D26: Segunda-feira | I26: =((H26-E26)-(G26-F26))*24 -> 0 | J26: ='Não Apagar'!$J$3 -> 8 | K26: =IF(I27=0,-'Não Apagar'!$J$3,I27-J27) -> -8 | L26: =K26+L23 -> -1280 | P26: 1
A27: 1 | C27: 46371 | D27: Terça-feira | I27: =((H27-E27)-(G27-F27))*24 -> 0 | J27: ='Não Apagar'!$J$3 -> 8 | K27: =IF(I28=0,-'Não Apagar'!$J$3,I28-J28) -> -8 | L27: =K27+L26 -> -1288 | P27: 1
A28: 1 | C28: 46372 | D28: Quarta-feira | I28: =((H28-E28)-(G28-F28))*24 -> 0 | J28: ='Não Apagar'!$J$3 -> 8 | K28: =IF(I29=0,-'Não Apagar'!$J$3,I29-J29) -> -8 | L28: =K28+L27 -> -1296 | P28: 1
A29: 1 | C29: 46373 | D29: Quinta-feira | I29: =((H29-E29)-(G29-F29))*24 -> 0 | J29: ='Não Apagar'!$J$3 -> 8 | K29: =IF(I30=0,-'Não Apagar'!$J$3,I30-J30) -> -8 | L29: =K29+L28 -> -1304 | P29: 1
A30: 1 | C30: 46374 | D30: Sexta-feira | I30: =((H30-E30)-(G30-F30))*24 -> 0 | J30: ='Não Apagar'!$J$3 -> 8 | K30: =IF(I31=0,-'Não Apagar'!$J$3,I31-J31) -> -8 | L30: =K30+L29 -> -1312 | P30: 1
A31: 1 | C31: 46375 | D31: Sábado | P31: 1
A32: 1 | C32: 46376 | D32: Domingo | P32: 1
A33: 1 | C33: 46377 | D33: Segunda-feira | I33: =((H33-E33)-(G33-F33))*24 -> 0 | J33: ='Não Apagar'!$J$3 -> 8 | K33: =IF(I34=0,-'Não Apagar'!$J$3,I34-J34) -> -8 | L33: =K33+L30 -> -1320 | P33: 1
A34: 1 | C34: 46378 | D34: Terça-feira | I34: =((H34-E34)-(G34-F34))*24 -> 0 | J34: ='Não Apagar'!$J$3 -> 8 | K34: =IF(I35=0,-'Não Apagar'!$J$3,I35-J35) -> -8 | L34: =K34+L33 -> -1328 | P34: 1
A35: 1 | C35: 46379 | D35: Quarta-feira | I35: =((H35-E35)-(G35-F35))*24 -> 0 | J35: ='Não Apagar'!$J$3 -> 8 | K35: =IF(I36=0,-'Não Apagar'!$J$3,I36-J36) -> -8 | L35: =K35+L34 -> -1336 | P35: 1
A36: 1 | C36: 46380 | D36: Quinta-feira | I36: =((H36-E36)-(G36-F36))*24 -> 0 | J36: ='Não Apagar'!$J$3 -> 8 | K36: =IF(I37=0,-'Não Apagar'!$J$3,I37-J37) -> -8 | L36: =K36+L35 -> -1344 | P36: 1
A37: 1 | C37: 46381 | D37: Sexta-feira | I37: =((H37-E37)-(G37-F37))*24 -> 0 | J37: ='Não Apagar'!$J$3 -> 8 | K37: =IF(I38=0,-'Não Apagar'!$J$3,I38-J38) -> -8 | L37: =K37+L36 -> -1352 | P37: 1
A38: 1 | C38: 46382 | D38: Sábado | P38: 1
A39: 1 | C39: 46383 | D39: Domingo | P39: 1
A40: 1 | C40: 46384 | D40: Segunda-feira | I40: =((H40-E40)-(G40-F40))*24 -> 0 | J40: ='Não Apagar'!$J$3 -> 8 | K40: =IF(I41=0,-'Não Apagar'!$J$3,I41-J41) -> -8 | L40: =K40+L37 -> -1360 | P40: 1
A41: 1 | C41: 46385 | D41: Terça-feira | I41: =((H41-E41)-(G41-F41))*24 -> 0 | J41: ='Não Apagar'!$J$3 -> 8 | K41: =IF(I42=0,-'Não Apagar'!$J$3,I42-J42) -> -8 | L41: =K41+L40 -> -1368 | P41: 1
A42: 1 | C42: 46386 | D42: Quarta-feira | I42: =((H42-E42)-(G42-F42))*24 -> 0 | J42: ='Não Apagar'!$J$3 -> 8 | K42: =IF(I43=0,-'Não Apagar'!$J$3,I43-J43) -> -8 | L42: =K42+L41 -> -1376 | P42: 1
A43: 1 | C43: 46387 | D43: Quinta-feira | I43: =((H43-E43)-(G43-F43))*24 -> 0 | J43: ='Não Apagar'!$J$3 -> 8 | K43: =IF(I44=0,-'Não Apagar'!$J$3,I44-J44) -> -8 | L43: =K43+L42 -> -1384 | P43: 1
A44: 1 | P44: 1
A45: 1 | P45: 1
A46: 1 | J46: Saldo Banco de Horas | L46: =L43 -> -1384 | P46: 1
A53: 1 | P53: 1
A54: 1 | C54: =TODAY() -> 46037 | P54: 1
A55: 1 | P55: 1
A56: 1 | P56: 1
A57: 1 | P57: 1
A58: 1 | P58: 1
A59: 1 | P59: 1
A60: 1 | P60: 1
A61: 1 | P61: 1
A62: 1 | B62: 1 | C62: 1 | D62: 1 | E62: 1 | F62: 1 | G62: 1 | H62: 1 | I62: 1 | J62: 1 | K62: 1 | L62: 1 | M62: 1 | N62: 1 | O62: 1 | P62: 1

Sheet Não Apagar
B3: =B4-1 -> 1 | C3: Segunda-feira | F3: Regime de horas da Planilha | I3: ---> | J3: 8 | K3: Se alterar aqui, altera todo o regime de horas da planilhas, altera todas as fórmulas
B4: =B5-1 -> 2 | C4: Terça-feira
B5: =B6-1 -> 3 | C5: Quarta-feira
B6: =B7-1 -> 4 | C6: Segunda-feira
B7: =B8-1 -> 5 | C7: Sexta-feira
B8: =B9-1 -> 6 | C8: Sábado
B9: 7 | C9: Domingo
